18287.0,Good
17324.0,Good
14794.0,Good
14790.0,Good
17338.0,Good
17340.0,Good
14769.0,Good
14766.0,Good
17346.0,Good
14759.0,Good
17348.0,Good
14755.0,Good
17350.0,Good
14748.0,Good
14741.0,Good
14739.0,Good
14738.0,Good
14735.0,Good
14733.0,Good
14732.0,Good
14730.0,Good
14725.0,Good
14796.0,Good
17323.0,Good
17321.0,Good
14800.0,Good
14883.0,Good
14878.0,Good
17293.0,Good
14869.0,Good
14868.0,Good
14866.0,Good
14862.0,Good
14859.0,Good
14856.0,Good
17299.0,Good
14723.0,Good
14849.0,Good
14842.0,Good
14834.0,Good
17306.0,Good
14829.0,Good
14825.0,Good
17314.0,Good
17315.0,Good
14815.0,Good
14810.0,Good
14808.0,Good
17302.0,Good
17289.0,Good
14719.0,Good
14713.0,Good
14640.0,Good
14629.0,Good
14626.0,Good
14623.0,Good
17387.0,Good
14621.0,Good
17389.0,Good
14607.0,Good
14606.0,Good
17397.0,Good
14597.0,Good
14595.0,Good
14591.0,Good
14587.0,Good
17402.0,Good
14583.0,Good
14577.0,Good
14572.0,Good
17405.0,Good
14562.0,Good
14560.0,Good
17381.0,Good
17377.0,Good
14649.0,Good
17372.0,Good
14711.0,Good
14709.0,Good
14704.0,Good
14702.0,Good
14701.0,Good
14700.0,Good
14698.0,Good
14696.0,Good
14691.0,Good
14688.0,Good
14715.0,Good
17364.0,Good
17365.0,Good
17368.0,Good
14680.0,Good
14676.0,Good
14667.0,Good
14662.0,Good
14659.0,Good
14657.0,Good
14655.0,Good
14653.0,Good
14684.0,Good
17410.0,Good
17288.0,Good
14893.0,Good
17173.0,Good
15145.0,Good
15144.0,Good
17175.0,Good
15136.0,Good
15134.0,Good
17183.0,Good
15132.0,Good
15129.0,Good
17188.0,Good
15125.0,Good
15123.0,Good
17191.0,Good
15117.0,Good
15116.0,Good
15114.0,Good
15113.0,Good
15111.0,Good
17198.0,Good
15106.0,Good
15105.0,Good
15150.0,Good
15152.0,Good
15156.0,Good
15157.0,Good
17109.0,Good
17114.0,Good
15218.0,Good
15214.0,Good
17131.0,Good
15208.0,Good
17135.0,Good
17139.0,Good
15203.0,Good
17144.0,Good
17203.0,Good
15194.0,Good
15189.0,Good
15187.0,Good
15179.0,Good
17158.0,Good
17159.0,Good
17160.0,Good
15172.0,Good
17162.0,Good
17164.0,Good
15159.0,Good
17147.0,Good
17287.0,Good
17211.0,Good
17213.0,Good
15021.0,Good
17238.0,Good
15009.0,Good
15005.0,Good
17243.0,Good
14971.0,Good
14963.0,Good
14961.0,Good
14948.0,Good
14944.0,Good
14923.0,Good
14921.0,Good
14913.0,Good
14907.0,Good
17272.0,Good
14904.0,Good
14903.0,Good
14901.0,Good
14898.0,Good
14897.0,Good
14895.0,Good
15022.0,Good
15023.0,Good
15024.0,Good
15031.0,Good
17218.0,Good
15089.0,Good
15088.0,Good
17220.0,Good
15078.0,Good
15073.0,Good
17227.0,Good
15065.0,Good
17228.0,Good
15061.0,Good
15093.0,Good
15059.0,Good
15053.0,Good
15051.0,Good
15050.0,Good
17231.0,Good
15046.0,Good
15044.0,Good
15039.0,Good
17236.0,Good
15034.0,Good
15033.0,Good
15058.0,Good
17107.0,Good
14554.0,Good
14550.0,Good
17593.0,Good
14180.0,Good
14179.0,Good
14178.0,Good
17596.0,Good
14159.0,Good
17602.0,Good
17609.0,Good
14146.0,Good
17611.0,Good
14140.0,Good
14138.0,Good
14135.0,Good
17613.0,Good
14132.0,Good
14129.0,Good
14125.0,Good
14121.0,Good
17618.0,Good
14116.0,Good
14112.0,Good
14188.0,Good
14189.0,Good
14191.0,Good
14194.0,Good
14251.0,Good
14250.0,Good
17562.0,Good
14243.0,Good
17566.0,Good
14240.0,Good
14239.0,Good
17567.0,Good
17571.0,Good
14234.0,Good
14110.0,Good
14232.0,Good
14227.0,Good
14226.0,Good
14221.0,Good
14217.0,Good
14216.0,Good
14215.0,Good
14214.0,Good
17581.0,Good
14209.0,Good
17590.0,Good
17576.0,Good
14258.0,Good
14102.0,Good
17625.0,Good
14032.0,Good
14031.0,Good
14030.0,Good
17655.0,Good
17659.0,Good
14019.0,Good
17663.0,Good
14005.0,Good
14004.0,Good
17669.0,Good
13999.0,Good
13995.0,Good
13994.0,Good
13993.0,Good
13991.0,Good
17671.0,Good
17672.0,Good
13988.0,Good
13985.0,Good
13983.0,Good
13982.0,Good
14035.0,Good
17653.0,Good
17652.0,Good
14040.0,Good
14099.0,Good
14096.0,Good
14092.0,Good
17629.0,Good
14088.0,Good
14085.0,Good
14083.0,Good
17633.0,Good
17634.0,Good
14075.0,Good
17624.0,Good
14071.0,Good
14062.0,Good
14060.0,Good
14057.0,Good
14056.0,Good
17644.0,Good
14051.0,Good
14050.0,Good
14049.0,Good
14044.0,Good
17651.0,Good
14064.0,Good
14553.0,Good
14261.0,Good
17554.0,Good
14498.0,Good
17428.0,Good
14493.0,Good
14487.0,Good
14482.0,Good
17434.0,Good
17442.0,Good
14466.0,Good
17449.0,Good
17450.0,Good
17451.0,Good
14456.0,Good
14449.0,Good
14447.0,Good
14446.0,Good
14441.0,Good
14440.0,Good
17459.0,Good
17461.0,Good
14432.0,Good
14428.0,Good
14499.0,Good
17426.0,Good
17425.0,Good
14502.0,Good
14547.0,Good
14546.0,Good
14544.0,Good
14543.0,Good
17412.0,Good
14540.0,Good
17416.0,Good
14534.0,Good
14533.0,Good
14530.0,Good
14426.0,Good
14527.0,Good
14524.0,Good
17419.0,Good
14515.0,Good
17422.0,Good
14511.0,Good
14507.0,Good
14506.0,Good
14505.0,Good
14504.0,Good
14503.0,Good
14525.0,Good
14262.0,Good
17463.0,Good
14419.0,Good
14334.0,Good
17521.0,Good
17522.0,Good
14329.0,Good
14321.0,Good
17528.0,Good
17530.0,Good
14315.0,Good
17537.0,Good
14312.0,Good
14309.0,Good
14299.0,Good
14298.0,Good
14297.0,Good
14293.0,Good
14292.0,Good
14291.0,Good
14290.0,Good
14289.0,Good
14286.0,Good
14282.0,Good
14336.0,Good
17519.0,Good
17516.0,Good
14341.0,Good
14418.0,Good
14415.0,Good
17469.0,Good
14412.0,Good
17470.0,Good
14408.0,Good
14404.0,Good
17481.0,Good
14401.0,Good
17490.0,Good
14422.0,Good
14397.0,Good
17491.0,Good
14390.0,Good
14388.0,Good
14387.0,Good
14383.0,Good
14367.0,Good
14360.0,Good
14359.0,Good
17511.0,Good
17512.0,Good
14395.0,Good
17673.0,Good
15227.0,Good
17100.0,Good
16717.0,Good
16094.0,Good
16719.0,Good
16722.0,Good
16085.0,Good
16726.0,Good
16076.0,Good
16728.0,Good
16729.0,Good
16066.0,Good
16062.0,Good
16057.0,Good
16056.0,Good
16053.0,Good
16049.0,Good
16042.0,Good
16743.0,Good
16744.0,Good
16033.0,Good
16029.0,Good
16746.0,Good
16102.0,Good
16103.0,Good
16713.0,Good
16712.0,Good
16168.0,Good
16672.0,Good
16161.0,Good
16676.0,Good
16156.0,Good
16153.0,Good
16678.0,Good
16150.0,Good
16145.0,Good
16684.0,Good
16023.0,Good
16143.0,Good
16688.0,Good
16133.0,Good
16128.0,Good
16126.0,Good
16700.0,Good
16701.0,Good
16705.0,Good
16115.0,Good
16710.0,Good
16110.0,Good
16686.0,Good
16169.0,Good
16020.0,Good
16016.0,Good
16762.0,Good
16764.0,Good
16767.0,Good
16771.0,Good
15933.0,Good
15932.0,Good
16775.0,Good
16779.0,Good
16782.0,Good
15916.0,Good
15910.0,Good
15907.0,Good
15906.0,Good
15903.0,Good
16790.0,Good
15898.0,Good
16791.0,Good
16794.0,Good
16800.0,Good
15867.0,Good
15862.0,Good
15948.0,Good
15950.0,Good
15952.0,Good
15953.0,Good
16015.0,Good
16014.0,Good
16013.0,Good
16012.0,Good
16011.0,Good
16009.0,Good
16007.0,Good
16747.0,Good
16003.0,Good
15998.0,Good
16019.0,Good
16748.0,Good
15990.0,Good
15987.0,Good
15984.0,Good
15983.0,Good
15981.0,Good
15977.0,Good
15974.0,Good
15965.0,Good
16759.0,Good
15955.0,Good
15993.0,Good
15861.0,Good
16170.0,Good
16173.0,Good
16549.0,Good
16393.0,Good
16554.0,Good
16379.0,Good
16376.0,Good
16369.0,Good
16367.0,Good
16365.0,Good
16364.0,Good
16362.0,Good
16361.0,Good
16360.0,Good
16359.0,Good
16358.0,Good
16558.0,Good
16560.0,Good
16353.0,Good
16350.0,Good
16348.0,Good
16347.0,Good
16341.0,Good
16401.0,Good
16539.0,Good
16407.0,Good
16409.0,Good
16495.0,Good
16474.0,Good
16496.0,Good
16497.0,Good
16466.0,Good
16464.0,Good
16463.0,Good
16460.0,Good
16458.0,Good
16511.0,Good
16570.0,Good
16444.0,Good
16438.0,Good
16434.0,Good
16523.0,Good
16525.0,Good
16426.0,Good
16531.0,Good
16422.0,Good
16418.0,Good
16416.0,Good
16533.0,Good
16440.0,Good
16670.0,Good
16333.0,Good
16327.0,Good
16633.0,Good
16637.0,Good
16225.0,Good
16221.0,Good
16218.0,Good
16638.0,Good
16639.0,Good
16210.0,Good
16208.0,Good
16205.0,Good
16653.0,Good
16201.0,Good
16200.0,Good
16655.0,Good
16656.0,Good
16191.0,Good
16188.0,Good
16187.0,Good
16186.0,Good
16657.0,Good
16669.0,Good
16628.0,Good
16235.0,Good
16626.0,Good
16240.0,Good
16326.0,Good
16571.0,Good
16592.0,Good
16303.0,Good
16295.0,Good
16293.0,Good
16284.0,Good
16283.0,Good
16600.0,Good
16279.0,Good
16332.0,Good
16607.0,Good
16271.0,Good
16265.0,Good
16261.0,Good
16258.0,Good
16612.0,Good
16255.0,Good
16618.0,Good
16245.0,Good
16242.0,Good
16241.0,Good
16609.0,Good
17101.0,Good
15860.0,Good
15856.0,Good
15465.0,Good
16987.0,Good
15453.0,Good
15449.0,Good
16992.0,Good
15444.0,Good
15443.0,Good
15436.0,Good
15434.0,Good
15427.0,Good
15426.0,Good
17001.0,Good
17004.0,Good
17006.0,Good
15411.0,Good
17007.0,Good
15407.0,Good
15399.0,Good
15398.0,Good
17015.0,Good
17017.0,Good
16985.0,Good
15478.0,Good
15482.0,Good
15484.0,Good
16954.0,Good
15533.0,Good
15532.0,Good
15531.0,Good
15530.0,Good
15529.0,Good
15527.0,Good
15525.0,Good
15521.0,Good
15514.0,Good
15394.0,Good
15513.0,Good
16979.0,Good
15506.0,Good
15502.0,Good
15500.0,Good
15498.0,Good
15494.0,Good
15493.0,Good
15489.0,Good
16983.0,Good
15485.0,Good
15511.0,Good
15544.0,Good
15392.0,Good
15382.0,Good
17073.0,Good
17075.0,Good
15274.0,Good
15271.0,Good
17082.0,Good
17084.0,Good
17086.0,Good
15253.0,Good
15252.0,Good
15251.0,Good
15249.0,Good
17088.0,Good
17090.0,Good
17091.0,Good
17092.0,Good
15240.0,Good
15239.0,Good
15238.0,Good
15237.0,Good
17095.0,Good
17096.0,Good
15288.0,Good
15289.0,Good
15290.0,Good
15291.0,Good
15376.0,Good
15373.0,Good
15370.0,Good
15365.0,Good
15358.0,Good
15356.0,Good
15351.0,Good
17041.0,Good
17042.0,Good
17043.0,Good
17019.0,Good
17049.0,Good
17054.0,Good
17059.0,Good
15311.0,Good
17063.0,Good
17068.0,Good
15301.0,Good
17069.0,Good
15298.0,Good
15296.0,Good
17071.0,Good
15329.0,Good
15858.0,Good
15547.0,Good
15563.0,Good
15782.0,Good
16843.0,Good
15769.0,Good
15763.0,Good
15755.0,Good
16869.0,Good
15752.0,Good
15750.0,Good
16871.0,Good
15747.0,Good
15745.0,Good
16873.0,Good
15743.0,Good
15738.0,Good
15737.0,Good
16877.0,Good
16880.0,Good
15727.0,Good
15722.0,Good
15719.0,Good
16891.0,Good
15785.0,Good
15786.0,Good
15787.0,Good
16841.0,Good
15854.0,Good
16809.0,Good
15845.0,Good
16813.0,Good
16814.0,Good
15839.0,Good
15838.0,Good
16817.0,Good
15835.0,Good
16818.0,Good
15712.0,Good
15819.0,Good
16833.0,Good
15811.0,Good
15807.0,Good
15805.0,Good
15804.0,Good
16837.0,Good
15801.0,Good
16839.0,Good
15796.0,Good
15791.0,Good
15814.0,Good
15555.0,Good
15708.0,Good
15701.0,Good
15618.0,Good
15615.0,Good
15611.0,Good
16931.0,Good
15608.0,Good
15605.0,Good
15602.0,Good
15601.0,Good
15599.0,Good
16938.0,Good
15594.0,Good
16942.0,Good
15584.0,Good
15582.0,Good
16945.0,Good
16949.0,Good
15576.0,Good
15572.0,Good
15570.0,Good
18283.0,Good
15568.0,Good
15622.0,Good
16929.0,Good
15628.0,Good
15630.0,Good
15696.0,Good
15694.0,Good
16899.0,Good
16900.0,Good
15687.0,Good
15681.0,Good
15680.0,Good
15679.0,Good
15676.0,Good
16904.0,Good
15707.0,Good
15671.0,Good
16907.0,Good
16910.0,Good
15660.0,Good
15656.0,Good
16912.0,Good
16918.0,Good
15640.0,Good
16923.0,Good
16924.0,Good
15632.0,Good
16905.0,Good
17675.0,Good
14673.0,Good
13363.0,Good
13230.0,Good
18092.0,Good
13725.0,Good
18096.0,Good
13726.0,Good
18097.0,Good
18102.0,Good
13212.0,Good
13728.0,Good
13211.0,Good
17809.0,Good
13209.0,Good
13203.0,Good
13200.0,Good
13199.0,Good
13735.0,Good
13736.0,Good
13198.0,Good
17800.0,Good
13742.0,Good
13196.0,Good
18109.0,Good
17799.0,Good
17811.0,Good
13232.0,Good
18082.0,Good
13246.0,Good
13681.0,Good
17837.0,Good
18061.0,Good
13692.0,Good
13694.0,Good
13695.0,Good
18065.0,Good
13269.0,Good
13700.0,Good
17827.0,Good
13268.0,Good
17797.0,Good
13267.0,Good
13704.0,Good
13263.0,Good
18069.0,Good
18075.0,Good
13709.0,Good
18077.0,Good
18079.0,Good
17813.0,Good
13717.0,Good
17812.0,Good
13719.0,Good
13266.0,Good
13285.0,Good
17888.0,Good
13184.0,Good
13126.0,Good
13118.0,Good
13117.0,Good
17779.0,Good
13782.0,Good
13115.0,Good
17777.0,Good
13113.0,Good
13110.0,Good
13107.0,Good
18139.0,Good
13798.0,Good
13102.0,Good
17769.0,Good
17768.0,Good
13098.0,Good
13804.0,Good
13097.0,Good
17764.0,Good
18144.0,Good
13808.0,Good
18145.0,Good
13090.0,Good
18130.0,Good
13131.0,Good
18125.0,Good
13777.0,Good
13183.0,Good
13178.0,Good
17790.0,Good
13174.0,Good
13755.0,Good
13756.0,Good
13758.0,Good
13761.0,Good
13168.0,Good
13167.0,Good
18118.0,Good
17796.0,Good
13767.0,Good
13165.0,Good
13159.0,Good
13157.0,Good
13155.0,Good
13149.0,Good
13148.0,Good
18122.0,Good
13772.0,Good
13139.0,Good
13138.0,Good
13137.0,Good
13769.0,Good
13089.0,Good
13680.0,Good
17838.0,Good
13467.0,Good
17937.0,Good
13458.0,Good
13456.0,Good
13455.0,Good
13451.0,Good
13588.0,Good
13450.0,Good
13448.0,Good
13590.0,Good
13447.0,Good
13437.0,Good
13435.0,Good
17870.0,Good
17949.0,Good
13430.0,Good
13596.0,Good
13429.0,Good
13426.0,Good
13599.0,Good
17867.0,Good
13421.0,Good
13601.0,Good
13577.0,Good
13468.0,Good
17932.0,Good
13576.0,Good
13536.0,Good
13534.0,Good
13549.0,Good
13527.0,Good
13523.0,Good
17886.0,Good
13521.0,Good
13516.0,Good
13510.0,Good
13509.0,Good
13507.0,Good
17865.0,Good
13500.0,Good
13495.0,Good
13566.0,Good
17884.0,Good
13571.0,Good
13488.0,Good
17920.0,Good
13481.0,Good
17883.0,Good
13477.0,Good
13471.0,Good
13575.0,Good
13499.0,Good
18055.0,Good
13418.0,Good
13607.0,Good
18016.0,Good
13650.0,Good
18022.0,Good
13340.0,Good
13652.0,Good
13327.0,Good
13654.0,Good
18035.0,Good
13324.0,Good
13658.0,Good
13319.0,Good
13316.0,Good
13314.0,Good
13313.0,Good
13310.0,Good
13309.0,Good
13308.0,Good
13305.0,Good
13668.0,Good
18041.0,Good
18044.0,Good
17841.0,Good
13297.0,Good
13647.0,Good
13644.0,Good
13362.0,Good
13975.0,Good
13610.0,Good
17961.0,Good
13614.0,Good
13408.0,Good
17965.0,Good
17861.0,Good
13623.0,Good
17966.0,Good
13629.0,Good
13630.0,Good
13396.0,Good
17954.0,Good
13394.0,Good
17858.0,Good
17975.0,Good
13632.0,Good
13389.0,Good
13634.0,Good
13384.0,Good
13636.0,Good
17979.0,Good
13381.0,Good
17857.0,Good
13365.0,Good
17974.0,Good
13824.0,Good
13186.0,Good
13081.0,Good
17686.0,Good
17690.0,Good
13941.0,Good
13940.0,Good
13014.0,Good
13883.0,Good
13018.0,Good
13013.0,Good
12913.0,Good
13012.0,Good
12849.0,Good
18259.0,Good
13882.0,Good
18188.0,Good
17735.0,Good
13867.0,Good
12847.0,Good
13021.0,Good
13030.0,Good
12839.0,Good
12901.0,Good
17739.0,Good
17738.0,Good
12921.0,Good
12919.0,Good
13949.0,Good
13862.0,Good
13028.0,Good
12841.0,Good
17725.0,Good
17685.0,Good
13884.0,Good
13860.0,Good
13004.0,Good
13870.0,Good
12963.0,Good
18245.0,Good
12989.0,Good
18236.0,Good
12906.0,Good
12971.0,Good
17705.0,Good
18219.0,Good
12985.0,Good
17706.0,Good
13924.0,Good
18210.0,Good
17730.0,Good
18237.0,Good
18241.0,Good
12883.0,Good
12877.0,Good
17703.0,Good
17727.0,Good
17696.0,Good
18198.0,Good
17700.0,Good
13871.0,Good
13001.0,Good
13881.0,Good
18257.0,Good
12997.0,Good
12856.0,Good
12910.0,Good
12867.0,Good
12909.0,Good
17702.0,Good
12994.0,Good
13880.0,Good
18180.0,Good
13854.0,Good
17728.0,Good
12838.0,Good
12931.0,Good
12925.0,Good
12928.0,Good
13838.0,Good
12949.0,Good
17720.0,Good
17757.0,Good
13890.0,Good
13835.0,Good
17758.0,Good
18226.0,Good
17716.0,Good
12826.0,Good
17676.0,Good
12948.0,Good
18161.0,Good
18225.0,Good
13064.0,Good
13831.0,Good
12820.0,Good
13969.0,Good
13895.0,Good
12749.0,Good
18156.0,Good
13971.0,Good
12936.0,Good
17677.0,Good
17719.0,Good
18223.0,Good
12951.0,Good
13069.0,Good
18229.0,Good
18263.0,Good
18179.0,Good
17759.0,Good
18177.0,Good
12935.0,Good
17744.0,Good
12957.0,Good
12747.0,Good
13040.0,Good
18272.0,Good
18172.0,Good
13078.0,Good
13077.0,Good
12828.0,Good
18221.0,Good
12937.0,Good
13048.0,Good
13050.0,Good
12955.0,Good
13846.0,Good
17750.0,Good
13956.0,Good
17754.0,Good
13047.0,Good
12748.0,Good
12952.0,Good
17682.0,Good
18230.0,Good
14594.0,Medium 1
14664.0,Medium 1
14598.0,Medium 1
12904.0,Medium 1
14593.0,Medium 1
17052.0,Medium 1
14077.0,Medium 1
17081.0,Medium 1
13379.0,Medium 1
18034.0,Medium 1
14093.0,Medium 1
17373.0,Medium 1
16243.0,Medium 1
18015.0,Medium 1
17385.0,Medium 1
17379.0,Medium 1
14087.0,Medium 1
17999.0,Medium 1
17383.0,Medium 1
18005.0,Medium 1
17371.0,Medium 1
18001.0,Medium 1
16372.0,Medium 1
14675.0,Medium 1
15028.0,Medium 1
16445.0,Medium 1
15025.0,Medium 1
13569.0,Medium 1
17917.0,Medium 1
17914.0,Medium 1
14805.0,Medium 1
15000.0,Medium 1
14995.0,Medium 1
17247.0,Medium 1
17250.0,Medium 1
17885.0,Medium 1
17254.0,Medium 1
17255.0,Medium 1
14954.0,Medium 1
13558.0,Medium 1
14953.0,Medium 1
16504.0,Medium 1
16469.0,Medium 1
17266.0,Medium 1
17286.0,Medium 1
17290.0,Medium 1
14871.0,Medium 1
13532.0,Medium 1
13546.0,Medium 1
17301.0,Medium 1
17295.0,Medium 1
17297.0,Medium 1
13544.0,Medium 1
16442.0,Medium 1
12890.0,Medium 1
15054.0,Medium 1
15068.0,Medium 1
15184.0,Medium 1
14690.0,Medium 1
13617.0,Medium 1
17964.0,Medium 1
17360.0,Medium 1
17864.0,Medium 1
16343.0,Medium 1
14052.0,Medium 1
13606.0,Medium 1
17357.0,Medium 1
14710.0,Medium 1
18252.0,Medium 1
14716.0,Medium 1
13428.0,Medium 1
16368.0,Medium 1
14592.0,Medium 1
16386.0,Medium 1
14731.0,Medium 1
13939.0,Medium 1
14034.0,Medium 1
16399.0,Medium 1
12844.0,Medium 1
16406.0,Medium 1
17936.0,Medium 1
16411.0,Medium 1
17345.0,Medium 1
17221.0,Medium 1
17664.0,Medium 1
16415.0,Medium 1
15060.0,Medium 1
18036.0,Medium 1
18045.0,Medium 1
14452.0,Medium 1
14470.0,Medium 1
16933.0,Medium 1
16936.0,Medium 1
16005.0,Medium 1
14167.0,Medium 1
16706.0,Medium 1
15573.0,Medium 1
15571.0,Medium 1
14485.0,Medium 1
14467.0,Medium 1
16750.0,Medium 1
18127.0,Medium 1
15550.0,Medium 1
16960.0,Medium 1
18211.0,Medium 1
18181.0,Medium 1
14157.0,Medium 1
15522.0,Medium 1
15821.0,Medium 1
13780.0,Medium 1
17432.0,Medium 1
14379.0,Medium 1
17595.0,Medium 1
16930.0,Medium 1
16903.0,Medium 1
13176.0,Medium 1
16898.0,Medium 1
16024.0,Medium 1
13173.0,Medium 1
13171.0,Medium 1
18117.0,Medium 1
14204.0,Medium 1
18110.0,Medium 1
16892.0,Medium 1
15720.0,Medium 1
15721.0,Medium 1
16915.0,Medium 1
16916.0,Medium 1
17458.0,Medium 1
17806.0,Medium 1
15645.0,Medium 1
17579.0,Medium 1
16885.0,Medium 1
12933.0,Medium 1
14382.0,Medium 1
14508.0,Medium 1
16969.0,Medium 1
17564.0,Medium 1
17608.0,Medium 1
12970.0,Medium 1
17835.0,Medium 1
15957.0,Medium 1
13066.0,Medium 1
17555.0,Medium 1
15870.0,Medium 1
15429.0,Medium 1
15872.0,Medium 1
15877.0,Medium 1
17839.0,Medium 1
13673.0,Medium 1
17545.0,Medium 1
15883.0,Medium 1
15919.0,Medium 1
18043.0,Medium 1
15406.0,Medium 1
16804.0,Medium 1
16204.0,Medium 1
17014.0,Medium 1
16768.0,Medium 1
15900.0,Medium 1
13822.0,Medium 1
15901.0,Medium 1
15452.0,Medium 1
17832.0,Medium 1
17793.0,Medium 1
13271.0,Medium 1
17561.0,Medium 1
17772.0,Medium 1
15850.0,Medium 1
15967.0,Medium 1
15467.0,Medium 1
13278.0,Medium 1
15471.0,Medium 1
13790.0,Medium 1
17515.0,Medium 1
13496.0,Medium 1
13029.0,Medium 1
15971.0,Medium 1
16505.0,Medium 1
15951.0,Medium 1
16825.0,Medium 1
13094.0,Medium 1
18135.0,Medium 1
16751.0,Medium 1
15822.0,Medium 1
16513.0,Medium 1
16446.0,Medium 1
13147.0,Medium 1
15969.0,Medium 1
18170.0,Medium 1
18167.0,Medium 1
13524.0,Medium 1
15793.0,Medium 1
16532.0,Medium 1
17930.0,Medium 1
15865.0,Medium 1
15864.0,Medium 1
12830.0,Medium 1
13104.0,Medium 1
17924.0,Medium 1
15027.0,Medium 1
16000.0,Medium 1
15806.0,Medium 1
17929.0,Medium 1
17034.0,Medium 1
13026.0,Medium 1
13258.0,Medium 1
15215.0,Medium 1
17115.0,Medium 1
16157.0,Medium 1
15497.0,Medium 1
16260.0,Medium 1
12912.0,Medium 1
16671.0,Medium 1
15492.0,Medium 1
16164.0,Medium 1
15473.0,Medium 1
16986.0,Medium 1
13282.0,Medium 1
17076.0,Medium 1
15267.0,Medium 1
15270.0,Medium 1
16989.0,Medium 1
16642.0,Medium 1
15380.0,Medium 1
16212.0,Medium 1
13323.0,Medium 1
17018.0,Medium 1
17044.0,Medium 1
17133.0,Medium 1
15330.0,Medium 1
13329.0,Medium 1
12950.0,Medium 1
16232.0,Medium 1
16660.0,Medium 1
13350.0,Medium 1
16996.0,Medium 1
15414.0,Medium 1
16966.0,Medium 1
16682.0,Medium 1
18080.0,Medium 1
15621.0,Medium 1
18104.0,Medium 1
16079.0,Medium 1
16070.0,Medium 1
15654.0,Medium 1
17193.0,Medium 1
16099.0,Medium 1
16043.0,Medium 1
16041.0,Medium 1
15110.0,Medium 1
17197.0,Medium 1
15677.0,Medium 1
17940.0,Medium 1
15103.0,Medium 1
15669.0,Medium 1
13461.0,Medium 1
16107.0,Medium 1
13416.0,Medium 1
15197.0,Medium 1
16127.0,Medium 1
15195.0,Medium 1
16308.0,Medium 1
15561.0,Medium 1
12882.0,Medium 1
17951.0,Medium 1
13238.0,Medium 1
13410.0,Medium 1
15587.0,Medium 1
16708.0,Medium 1
16711.0,Medium 1
16357.0,Medium 1
13225.0,Medium 1
13236.0,Medium 1
13538.0,Medium 1
16491.0,Medium 1
17526.0,Medium 1
17386.0,Medium 1
17584.0,Medium 1
17317.0,Medium 1
17500.0,Medium 1
14756.0,Medium 1
17502.0,Medium 1
13759.0,Medium 1
14434.0,Medium 1
13705.0,Medium 1
17313.0,Medium 1
17396.0,Medium 1
14522.0,Medium 1
14047.0,Medium 1
14824.0,Medium 1
17423.0,Medium 1
14608.0,Medium 1
13918.0,Medium 1
13868.0,Medium 1
14141.0,Medium 1
14150.0,Medium 1
13743.0,Medium 1
14788.0,Medium 1
14126.0,Medium 1
17523.0,Medium 1
14198.0,Medium 1
14113.0,Medium 1
17466.0,Medium 1
17621.0,Medium 1
14477.0,Medium 1
14631.0,Medium 1
17856.0,Medium 1
17733.0,Medium 1
14111.0,Medium 1
14744.0,Medium 1
14233.0,Medium 1
14145.0,Medium 1
17414.0,Medium 1
13953.0,Medium 1
14001.0,Medium 1
13823.0,Medium 1
14342.0,Medium 1
14285.0,Medium 1
17761.0,Medium 1
13784.0,Medium 1
17354.0,Medium 1
14712.0,Medium 1
14332.0,Medium 1
13685.0,Medium 1
17411.0,Medium 1
14708.0,Medium 1
13984.0,Medium 1
17666.0,Medium 1
13950.0,Medium 1
14720.0,Medium 1
14737.0,Medium 1
15699.0,Medium 2
14345.0,Medium 2
16811.0,Medium 2
15692.0,Medium 2
15830.0,Medium 2
17791.0,Medium 2
15690.0,Medium 2
16914.0,Medium 2
13182.0,Medium 2
15836.0,Medium 2
14427.0,Medium 2
15847.0,Medium 2
15844.0,Medium 2
18105.0,Medium 2
18112.0,Medium 2
15657.0,Medium 2
15659.0,Medium 2
16824.0,Medium 2
14424.0,Medium 2
13188.0,Medium 2
15667.0,Medium 2
15664.0,Medium 2
13189.0,Medium 2
14416.0,Medium 2
17468.0,Medium 2
14362.0,Medium 2
14349.0,Medium 2
15758.0,Medium 2
16856.0,Medium 2
16855.0,Medium 2
14357.0,Medium 2
16852.0,Medium 2
13142.0,Medium 2
16836.0,Medium 2
15773.0,Medium 2
16851.0,Medium 2
16847.0,Medium 2
15790.0,Medium 2
16846.0,Medium 2
15781.0,Medium 2
15783.0,Medium 2
18123.0,Medium 2
13170.0,Medium 2
13145.0,Medium 2
16863.0,Medium 2
15714.0,Medium 2
16830.0,Medium 2
16887.0,Medium 2
14385.0,Medium 2
15725.0,Medium 2
16884.0,Medium 2
14354.0,Medium 2
13160.0,Medium 2
15809.0,Medium 2
13153.0,Medium 2
15748.0,Medium 2
17510.0,Medium 2
17503.0,Medium 2
13146.0,Medium 2
15740.0,Medium 2
17495.0,Medium 2
14860.0,Medium 2
13739.0,Medium 2
17836.0,Medium 2
16988.0,Medium 2
15450.0,Medium 2
14539.0,Medium 2
15458.0,Medium 2
15463.0,Medium 2
17831.0,Medium 2
17418.0,Medium 2
15469.0,Medium 2
13277.0,Medium 2
13272.0,Medium 2
14528.0,Medium 2
18067.0,Medium 2
13697.0,Medium 2
17830.0,Medium 2
14520.0,Medium 2
17420.0,Medium 2
18059.0,Medium 2
13292.0,Medium 2
15435.0,Medium 2
16999.0,Medium 2
13311.0,Medium 2
14582.0,Medium 2
14581.0,Medium 2
15393.0,Medium 2
14578.0,Medium 2
18040.0,Medium 2
17403.0,Medium 2
13669.0,Medium 2
14517.0,Medium 2
17011.0,Medium 2
14569.0,Medium 2
13298.0,Medium 2
15419.0,Medium 2
15423.0,Medium 2
18058.0,Medium 2
15428.0,Medium 2
14551.0,Medium 2
15432.0,Medium 2
17010.0,Medium 2
16971.0,Medium 2
15516.0,Medium 2
15520.0,Medium 2
15567.0,Medium 2
18084.0,Medium 2
13721.0,Medium 2
14484.0,Medium 2
14480.0,Medium 2
17436.0,Medium 2
15592.0,Medium 2
15597.0,Medium 2
15565.0,Medium 2
14474.0,Medium 2
13727.0,Medium 2
15612.0,Medium 2
15619.0,Medium 2
17453.0,Medium 2
13207.0,Medium 2
15634.0,Medium 2
13732.0,Medium 2
14448.0,Medium 2
17447.0,Medium 2
15651.0,Medium 2
15557.0,Medium 2
16953.0,Medium 2
16968.0,Medium 2
15524.0,Medium 2
13256.0,Medium 2
15526.0,Medium 2
13255.0,Medium 2
13710.0,Medium 2
17817.0,Medium 2
17816.0,Medium 2
15556.0,Medium 2
13247.0,Medium 2
14495.0,Medium 2
15539.0,Medium 2
15540.0,Medium 2
16956.0,Medium 2
13245.0,Medium 2
18081.0,Medium 2
14494.0,Medium 2
15551.0,Medium 2
17430.0,Medium 2
18101.0,Medium 2
15904.0,Medium 2
13103.0,Medium 2
12893.0,Medium 2
18240.0,Medium 2
16298.0,Medium 2
16593.0,Medium 2
17637.0,Medium 2
13926.0,Medium 2
16311.0,Medium 2
16313.0,Medium 2
16318.0,Medium 2
16322.0,Medium 2
16325.0,Medium 2
16330.0,Medium 2
13928.0,Medium 2
16337.0,Medium 2
16569.0,Medium 2
12879.0,Medium 2
16566.0,Medium 2
16596.0,Medium 2
12895.0,Medium 2
16597.0,Medium 2
17636.0,Medium 2
14108.0,Medium 2
17623.0,Medium 2
13897.0,Medium 2
13899.0,Medium 2
14098.0,Medium 2
13904.0,Medium 2
17631.0,Medium 2
12920.0,Medium 2
16345.0,Medium 2
13914.0,Medium 2
16616.0,Medium 2
13917.0,Medium 2
14080.0,Medium 2
17712.0,Medium 2
14073.0,Medium 2
16602.0,Medium 2
16601.0,Medium 2
17711.0,Medium 2
16620.0,Medium 2
18246.0,Medium 2
16561.0,Medium 2
16352.0,Medium 2
13954.0,Medium 2
16516.0,Medium 2
13992.0,Medium 2
12827.0,Medium 2
16506.0,Medium 2
16454.0,Medium 2
13960.0,Medium 2
13962.0,Medium 2
16519.0,Medium 2
18274.0,Medium 2
18276.0,Medium 2
18282.0,Medium 2
16500.0,Medium 2
13986.0,Medium 2
13978.0,Medium 2
16478.0,Medium 2
16479.0,Medium 2
16482.0,Medium 2
17680.0,Medium 2
16648.0,Medium 2
18273.0,Medium 2
12832.0,Medium 2
18249.0,Medium 2
16557.0,Medium 2
17650.0,Medium 2
16366.0,Medium 2
14039.0,Medium 2
16555.0,Medium 2
13938.0,Medium 2
17658.0,Medium 2
16433.0,Medium 2
14023.0,Medium 2
14020.0,Medium 2
16535.0,Medium 2
16414.0,Medium 2
17668.0,Medium 2
16423.0,Medium 2
17684.0,Medium 2
16528.0,Medium 2
18270.0,Medium 2
18261.0,Medium 2
15857.0,Medium 2
13894.0,Medium 2
12938.0,Medium 2
17557.0,Medium 2
18158.0,Medium 2
13828.0,Medium 2
15963.0,Medium 2
13832.0,Medium 2
18164.0,Medium 2
13058.0,Medium 2
13844.0,Medium 2
15986.0,Medium 2
17573.0,Medium 2
15988.0,Medium 2
15992.0,Medium 2
13046.0,Medium 2
16008.0,Medium 2
18174.0,Medium 2
16017.0,Medium 2
16018.0,Medium 2
13068.0,Medium 2
15949.0,Medium 2
18154.0,Medium 2
18150.0,Medium 2
15863.0,Medium 2
17767.0,Medium 2
17538.0,Medium 2
17540.0,Medium 2
17549.0,Medium 2
14300.0,Medium 2
14295.0,Medium 2
17760.0,Medium 2
14219.0,Medium 2
13091.0,Medium 2
14287.0,Medium 2
16789.0,Medium 2
18147.0,Medium 2
13083.0,Medium 2
16784.0,Medium 2
14284.0,Medium 2
18149.0,Medium 2
13079.0,Medium 2
15385.0,Medium 2
14218.0,Medium 2
17737.0,Medium 2
16025.0,Medium 2
12981.0,Medium 2
14158.0,Medium 2
18216.0,Medium 2
18217.0,Medium 2
16680.0,Medium 2
16149.0,Medium 2
12966.0,Medium 2
14139.0,Medium 2
16139.0,Medium 2
12962.0,Medium 2
16177.0,Medium 2
16668.0,Medium 2
16666.0,Medium 2
16185.0,Medium 2
13892.0,Medium 2
16189.0,Medium 2
16190.0,Medium 2
12944.0,Medium 2
12953.0,Medium 2
16207.0,Medium 2
16134.0,Medium 2
17600.0,Medium 2
16026.0,Medium 2
17736.0,Medium 2
18184.0,Medium 2
16038.0,Medium 2
14205.0,Medium 2
16742.0,Medium 2
13017.0,Medium 2
16732.0,Medium 2
12984.0,Medium 2
16071.0,Medium 2
18205.0,Medium 2
14174.0,Medium 2
12993.0,Medium 2
14173.0,Medium 2
12991.0,Medium 2
12990.0,Medium 2
16119.0,Medium 2
18209.0,Medium 2
16720.0,Medium 2
17022.0,Medium 2
13974.0,Medium 2
17024.0,Medium 2
15014.0,Medium 2
15017.0,Medium 2
14638.0,Medium 2
15018.0,Medium 2
13565.0,Medium 2
14793.0,Medium 2
17329.0,Medium 2
14789.0,Medium 2
13643.0,Medium 2
17237.0,Medium 2
14785.0,Medium 2
13366.0,Medium 2
17988.0,Medium 2
17985.0,Medium 2
17235.0,Medium 2
15043.0,Medium 2
14784.0,Medium 2
17233.0,Medium 2
17928.0,Medium 2
17232.0,Medium 2
17330.0,Medium 2
13573.0,Medium 2
13638.0,Medium 2
15010.0,Medium 2
17111.0,Medium 2
14804.0,Medium 2
14636.0,Medium 2
13651.0,Medium 2
17852.0,Medium 2
15287.0,Medium 2
15286.0,Medium 2
13560.0,Medium 2
17911.0,Medium 2
17253.0,Medium 2
18014.0,Medium 2
13349.0,Medium 2
14966.0,Medium 2
14967.0,Medium 2
14968.0,Medium 2
15277.0,Medium 2
14974.0,Medium 2
15275.0,Medium 2
14984.0,Medium 2
15269.0,Medium 2
14987.0,Medium 2
13502.0,Medium 2
17384.0,Medium 2
14997.0,Medium 2
17078.0,Medium 2
17080.0,Medium 2
18006.0,Medium 2
17119.0,Medium 2
17977.0,Medium 2
17125.0,Medium 2
15101.0,Medium 2
15163.0,Medium 2
14752.0,Medium 2
17166.0,Medium 2
13417.0,Medium 2
15158.0,Medium 2
13603.0,Medium 2
15153.0,Medium 2
17942.0,Medium 2
17351.0,Medium 2
14714.0,Medium 2
15148.0,Medium 2
13449.0,Medium 2
13589.0,Medium 2
15115.0,Medium 2
17947.0,Medium 2
13427.0,Medium 2
15142.0,Medium 2
15121.0,Medium 2
13592.0,Medium 2
15124.0,Medium 2
13436.0,Medium 2
17186.0,Medium 2
17163.0,Medium 2
14754.0,Medium 2
15168.0,Medium 2
15097.0,Medium 2
14658.0,Medium 2
14661.0,Medium 2
14768.0,Medium 2
14666.0,Medium 2
15206.0,Medium 2
14765.0,Medium 2
14764.0,Medium 2
16488.0,Medium 2
17344.0,Medium 2
13579.0,Medium 2
13403.0,Medium 2
15297.0,Medium 2
15186.0,Medium 2
17361.0,Medium 2
17219.0,Medium 2
17153.0,Medium 2
17155.0,Medium 2
17878.0,Medium 2
17157.0,Medium 2
13404.0,Medium 2
13460.0,Medium 2
17359.0,Medium 2
15096.0,Medium 2
14703.0,Medium 2
15081.0,Medium 2
14960.0,Medium 2
14641.0,Medium 2
13598.0,Medium 2
14851.0,Medium 2
13318.0,Medium 2
17031.0,Medium 2
15318.0,Medium 2
14881.0,Medium 2
15320.0,Medium 2
14882.0,Medium 2
17895.0,Medium 2
15360.0,Medium 2
13525.0,Medium 2
17904.0,Medium 2
14618.0,Medium 2
15355.0,Medium 2
14910.0,Medium 2
13522.0,Medium 2
17901.0,Medium 2
17274.0,Medium 2
14902.0,Medium 2
17038.0,Medium 2
13322.0,Medium 2
13657.0,Medium 2
15345.0,Medium 2
15344.0,Medium 2
14601.0,Medium 2
14836.0,Medium 2
15368.0,Medium 2
13557.0,Medium 2
17896.0,Medium 2
14865.0,Medium 2
14950.0,Medium 2
13332.0,Medium 2
14853.0,Medium 2
14946.0,Medium 2
14863.0,Medium 2
14585.0,Medium 2
18030.0,Medium 2
14820.0,Medium 2
14929.0,Medium 2
14193.0,Medium 1
18192.0,Medium 1
14854.0,Medium 1
15122.0,Medium 1
16745.0,Medium 1
15066.0,Medium 1
12836.0,Medium 1
14210.0,Medium 1
16081.0,Medium 1
16520.0,Medium 1
13082.0,Medium 1
14211.0,Medium 1
15079.0,Medium 1
17277.0,Medium 1
16725.0,Medium 1
13952.0,Medium 1
17282.0,Medium 1
17284.0,Medium 1
14758.0,Medium 1
13552.0,Medium 1
13869.0,Medium 1
15076.0,Medium 1
16036.0,Medium 1
13555.0,Medium 1
15074.0,Medium 1
15067.0,Medium 1
17734.0,Medium 1
17591.0,Medium 1
16730.0,Medium 1
18265.0,Medium 1
16493.0,Medium 1
15128.0,Medium 1
16059.0,Medium 1
17589.0,Medium 1
18189.0,Medium 1
13015.0,Medium 1
16054.0,Medium 1
13016.0,Medium 1
16735.0,Medium 1
13431.0,Medium 1
16045.0,Medium 1
13593.0,Medium 1
13032.0,Medium 1
16494.0,Medium 1
16040.0,Medium 1
15069.0,Medium 1
17585.0,Medium 1
16477.0,Medium 1
14837.0,Medium 1
18168.0,Medium 1
15980.0,Medium 1
14841.0,Medium 1
15978.0,Medium 1
13842.0,Medium 1
14245.0,Medium 1
15104.0,Medium 1
14844.0,Medium 1
16503.0,Medium 1
12822.0,Medium 1
14246.0,Medium 1
16755.0,Medium 1
14256.0,Medium 1
14257.0,Medium 1
13548.0,Medium 1
17873.0,Medium 1
16470.0,Medium 1
17552.0,Medium 1
14745.0,Medium 1
14852.0,Medium 1
14740.0,Medium 1
14267.0,Medium 1
13979.0,Medium 1
14875.0,Medium 1
16480.0,Medium 1
17894.0,Medium 1
15939.0,Medium 1
17214.0,Medium 1
14223.0,Medium 1
18178.0,Medium 1
13037.0,Medium 1
14224.0,Medium 1
13851.0,Medium 1
13583.0,Medium 1
16774.0,Medium 1
13850.0,Medium 1
14231.0,Medium 1
15095.0,Medium 1
13849.0,Medium 1
16515.0,Medium 1
15996.0,Medium 1
18171.0,Medium 1
17848.0,Medium 1
14880.0,Medium 1
14235.0,Medium 1
16455.0,Medium 1
16770.0,Medium 1
17204.0,Medium 1
17874.0,Medium 1
16456.0,Medium 1
13055.0,Medium 1
13591.0,Medium 1
14959.0,Medium 1
14770.0,Medium 1
16249.0,Medium 1
14918.0,Medium 1
12854.0,Medium 1
18231.0,Medium 1
16244.0,Medium 1
17320.0,Medium 1
12853.0,Medium 1
13911.0,Medium 1
15002.0,Medium 1
13908.0,Medium 1
16624.0,Medium 1
16370.0,Medium 1
15004.0,Medium 1
14916.0,Medium 1
13901.0,Medium 1
16229.0,Medium 1
13900.0,Medium 1
16224.0,Medium 1
16222.0,Medium 1
14803.0,Medium 1
14105.0,Medium 1
14107.0,Medium 1
16214.0,Medium 1
16644.0,Medium 1
14038.0,Medium 1
16556.0,Medium 1
16209.0,Medium 1
12916.0,Medium 1
16253.0,Medium 1
18235.0,Medium 1
14920.0,Medium 1
16572.0,Medium 1
16317.0,Medium 1
16316.0,Medium 1
16573.0,Medium 1
12885.0,Medium 1
18242.0,Medium 1
14817.0,Medium 1
14818.0,Medium 1
16309.0,Medium 1
14952.0,Medium 1
17646.0,Medium 1
12878.0,Medium 1
17648.0,Medium 1
13564.0,Medium 1
18239.0,Medium 1
13562.0,Medium 1
14976.0,Medium 1
14978.0,Medium 1
13931.0,Medium 1
16270.0,Medium 1
16268.0,Medium 1
16266.0,Medium 1
14078.0,Medium 1
12868.0,Medium 1
12857.0,Medium 1
14081.0,Medium 1
17649.0,Medium 1
13563.0,Medium 1
18248.0,Medium 1
17692.0,Medium 1
16652.0,Medium 1
12939.0,Medium 1
14161.0,Medium 1
16131.0,Medium 1
13517.0,Medium 1
17667.0,Medium 1
17230.0,Medium 1
14163.0,Medium 1
14776.0,Medium 1
16121.0,Medium 1
14009.0,Medium 1
17597.0,Medium 1
14775.0,Medium 1
13875.0,Medium 1
16709.0,Medium 1
17337.0,Medium 1
13476.0,Medium 1
17341.0,Medium 1
16108.0,Medium 1
14175.0,Medium 1
15062.0,Medium 1
16714.0,Medium 1
18204.0,Medium 1
16101.0,Medium 1
12886.0,Medium 1
16098.0,Medium 1
16419.0,Medium 1
18202.0,Medium 1
17594.0,Medium 1
16092.0,Medium 1
13475.0,Medium 1
18196.0,Medium 1
12840.0,Medium 1
13515.0,Medium 1
12940.0,Medium 1
12942.0,Medium 1
12947.0,Medium 1
13491.0,Medium 1
13093.0,Medium 1
16383.0,Medium 1
17722.0,Medium 1
16553.0,Medium 1
16184.0,Medium 1
16550.0,Medium 1
14127.0,Medium 1
17656.0,Medium 1
16180.0,Medium 1
17311.0,Medium 1
15032.0,Medium 1
16394.0,Medium 1
16172.0,Medium 1
16395.0,Medium 1
13486.0,Medium 1
15038.0,Medium 1
16398.0,Medium 1
17612.0,Medium 1
12965.0,Medium 1
17921.0,Medium 1
18260.0,Medium 1
12843.0,Medium 1
16681.0,Medium 1
14154.0,Medium 1
16175.0,Medium 1
17731.0,Medium 1
14276.0,Medium 1
14639.0,Medium 1
15644.0,Medium 1
15641.0,Medium 1
16928.0,Medium 1
13356.0,Medium 1
13208.0,Medium 1
14451.0,Medium 1
15626.0,Medium 1
15625.0,Medium 1
13730.0,Medium 1
14461.0,Medium 1
15620.0,Medium 1
15255.0,Medium 1
14462.0,Medium 1
13213.0,Medium 1
17085.0,Medium 1
13354.0,Medium 1
17083.0,Medium 1
14465.0,Medium 1
14472.0,Medium 1
15606.0,Medium 1
15260.0,Medium 1
16934.0,Medium 1
13221.0,Medium 1
18094.0,Medium 1
13224.0,Medium 1
14475.0,Medium 1
15596.0,Medium 1
16940.0,Medium 1
15265.0,Medium 1
14443.0,Medium 1
16919.0,Medium 1
17802.0,Medium 1
15245.0,Medium 1
15716.0,Medium 1
15220.0,Medium 1
15706.0,Medium 1
15704.0,Medium 1
17472.0,Medium 1
15700.0,Medium 1
13635.0,Medium 1
14407.0,Medium 1
14409.0,Medium 1
14410.0,Medium 1
13637.0,Medium 1
18116.0,Medium 1
13752.0,Medium 1
16902.0,Medium 1
15581.0,Medium 1
14414.0,Medium 1
14651.0,Medium 1
15228.0,Medium 1
13376.0,Medium 1
15674.0,Medium 1
14857.0,Medium 1
13373.0,Medium 1
13744.0,Medium 1
15235.0,Medium 1
15665.0,Medium 1
13192.0,Medium 1
17994.0,Medium 1
15658.0,Medium 1
15241.0,Medium 1
17997.0,Medium 1
17105.0,Medium 1
13722.0,Medium 1
15574.0,Medium 1
13235.0,Medium 1
13655.0,Medium 1
16984.0,Medium 1
14532.0,Medium 1
14535.0,Medium 1
17048.0,Medium 1
15464.0,Medium 1
17047.0,Medium 1
13280.0,Medium 1
14541.0,Medium 1
17037.0,Medium 1
13659.0,Medium 1
13294.0,Medium 1
15353.0,Medium 1
13320.0,Medium 1
17050.0,Medium 1
17400.0,Medium 1
17002.0,Medium 1
15421.0,Medium 1
15416.0,Medium 1
14561.0,Medium 1
14565.0,Medium 1
15410.0,Medium 1
17406.0,Medium 1
15367.0,Medium 1
14573.0,Medium 1
13317.0,Medium 1
17850.0,Medium 1
17027.0,Medium 1
15379.0,Medium 1
14584.0,Medium 1
13662.0,Medium 1
16889.0,Medium 1
15491.0,Medium 1
15321.0,Medium 1
14488.0,Medium 1
15272.0,Medium 1
14625.0,Medium 1
13240.0,Medium 1
16950.0,Medium 1
13720.0,Medium 1
16951.0,Medium 1
15281.0,Medium 1
15549.0,Medium 1
13344.0,Medium 1
13341.0,Medium 1
13715.0,Medium 1
13339.0,Medium 1
13336.0,Medium 1
15322.0,Medium 1
13334.0,Medium 1
15306.0,Medium 1
13707.0,Medium 1
15518.0,Medium 1
17819.0,Medium 1
13330.0,Medium 1
15312.0,Medium 1
17061.0,Medium 1
18073.0,Medium 1
15508.0,Medium 1
14514.0,Medium 1
15505.0,Medium 1
16980.0,Medium 1
13265.0,Medium 1
17058.0,Medium 1
17064.0,Medium 1
17787.0,Medium 1
15673.0,Medium 1
14389.0,Medium 1
13136.0,Medium 1
14364.0,Medium 1
15855.0,Medium 1
17527.0,Medium 1
16842.0,Medium 1
13422.0,Medium 1
13141.0,Medium 1
15146.0,Medium 1
17863.0,Medium 1
17169.0,Medium 1
15192.0,Medium 1
13425.0,Medium 1
14346.0,Medium 1
17504.0,Medium 1
13627.0,Medium 1
16859.0,Medium 1
13802.0,Medium 1
15757.0,Medium 1
16807.0,Medium 1
14672.0,Medium 1
18143.0,Medium 1
14307.0,Medium 1
13109.0,Medium 1
17505.0,Medium 1
13764.0,Medium 1
15164.0,Medium 1
15815.0,Medium 1
15826.0,Medium 1
15827.0,Medium 1
13122.0,Medium 1
13124.0,Medium 1
15831.0,Medium 1
15810.0,Medium 1
13134.0,Medium 1
15832.0,Medium 1
13611.0,Medium 1
15834.0,Medium 1
14344.0,Medium 1
14352.0,Medium 1
17509.0,Medium 1
17774.0,Medium 1
15800.0,Medium 1
15799.0,Medium 1
15841.0,Medium 1
15808.0,Medium 1
15201.0,Medium 1
15764.0,Medium 1
13158.0,Medium 1
14305.0,Medium 1
15874.0,Medium 1
15211.0,Medium 1
16875.0,Medium 1
16806.0,Medium 1
14665.0,Medium 1
15140.0,Medium 1
17179.0,Medium 1
15730.0,Medium 1
13162.0,Medium 1
14669.0,Medium 1
17126.0,Medium 1
17180.0,Medium 1
13151.0,Medium 1
13771.0,Medium 1
16801.0,Medium 1
17890.0,Medium 2
17259.0,Medium 2
14965.0,Medium 2
16805.0,Medium 2
17765.0,Medium 2
14067.0,Medium 2
15415.0,Medium 2
15553.0,Medium 2
15889.0,Medium 2
16594.0,Medium 2
16485.0,Medium 2
16788.0,Medium 2
13259.0,Medium 2
17950.0,Medium 2
12872.0,Medium 2
17062.0,Medium 2
15154.0,Medium 2
15829.0,Medium 2
13708.0,Medium 2
15535.0,Medium 2
17908.0,Medium 2
15402.0,Medium 2
15366.0,Medium 2
15976.0,Medium 2
16324.0,Medium 2
17070.0,Medium 2
14729.0,Medium 2
15545.0,Medium 2
17771.0,Medium 2
17550.0,Medium 2
13533.0,Medium 2
13301.0,Medium 2
14958.0,Medium 2
13667.0,Medium 2
13821.0,Medium 2
13243.0,Medium 2
16340.0,Medium 2
15349.0,Medium 2
14048.0,Medium 2
16402.0,Medium 2
14002.0,Medium 2
13656.0,Medium 2
16536.0,Medium 2
17660.0,Medium 2
15334.0,Medium 2
17897.0,Medium 2
15866.0,Medium 2
15466.0,Medium 2
16776.0,Medium 2
15437.0,Medium 2
17551.0,Medium 2
15460.0,Medium 2
15457.0,Medium 2
15456.0,Medium 2
15440.0,Medium 2
16431.0,Medium 2
14896.0,Medium 2
13439.0,Medium 2
14549.0,Medium 2
15339.0,Medium 2
15880.0,Medium 2
16777.0,Medium 2
17189.0,Medium 2
17265.0,Medium 2
13291.0,Medium 2
15507.0,Medium 2
14823.0,Medium 2
13827.0,Medium 2
15503.0,Medium 2
17303.0,Medium 2
14552.0,Medium 2
13959.0,Medium 2
15472.0,Medium 2
17392.0,Medium 2
12851.0,Medium 2
15325.0,Medium 2
17051.0,Medium 2
16385.0,Medium 2
14529.0,Medium 2
15483.0,Medium 2
16392.0,Medium 2
15920.0,Medium 2
16780.0,Medium 2
16374.0,Medium 2
17252.0,Medium 2
17248.0,Medium 2
17913.0,Medium 2
14152.0,Medium 2
17604.0,Medium 2
15041.0,Medium 2
16674.0,Medium 2
17984.0,Medium 2
17223.0,Medium 2
15036.0,Medium 2
14130.0,Medium 2
15756.0,Medium 2
17375.0,Medium 2
14128.0,Medium 2
16667.0,Medium 2
13642.0,Medium 2
17967.0,Medium 2
16921.0,Medium 2
16595.0,Medium 2
17614.0,Medium 2
15026.0,Medium 2
17860.0,Medium 2
16795.0,Medium 2
17619.0,Medium 2
13568.0,Medium 2
16031.0,Medium 2
16906.0,Medium 2
13357.0,Medium 2
16734.0,Medium 2
14670.0,Medium 2
17931.0,Medium 2
16718.0,Medium 2
17976.0,Medium 2
14396.0,Medium 2
13760.0,Medium 2
16723.0,Medium 2
14177.0,Medium 2
16893.0,Medium 2
16895.0,Medium 2
13474.0,Medium 2
16727.0,Medium 2
17229.0,Medium 2
14171.0,Medium 2
14656.0,Medium 2
12988.0,Medium 2
16065.0,Medium 2
14381.0,Medium 2
17795.0,Medium 2
16693.0,Medium 2
15048.0,Medium 2
16685.0,Medium 2
18212.0,Medium 2
14375.0,Medium 2
17968.0,Medium 2
16206.0,Medium 2
15891.0,Medium 2
14998.0,Medium 2
13233.0,Medium 2
16629.0,Medium 2
16010.0,Medium 2
17433.0,Medium 2
18126.0,Medium 2
14076.0,Medium 2
15579.0,Medium 2
14985.0,Medium 2
16274.0,Medium 2
16932.0,Medium 2
15795.0,Medium 2
17507.0,Medium 2
17580.0,Medium 2
14692.0,Medium 2
13121.0,Medium 2
15019.0,Medium 2
17454.0,Medium 2
15276.0,Medium 2
14801.0,Medium 2
17431.0,Medium 2
17786.0,Medium 2
13140.0,Medium 2
17783.0,Medium 2
17358.0,Medium 2
15012.0,Medium 2
16022.0,Medium 2
15006.0,Medium 2
16872.0,Medium 2
18087.0,Medium 2
17409.0,Medium 2
16696.0,Medium 2
16943.0,Medium 2
16698.0,Medium 2
18085.0,Medium 2
17388.0,Medium 2
17695.0,Medium 2
18121.0,Medium 2
17749.0,Medium 2
17846.0,Medium 2
16882.0,Medium 2
18008.0,Medium 2
16692.0,Medium 2
17679.0,Medium 2
16716.0,Medium 2
16584.0,Medium 2
17244.0,Medium 2
17029.0,Medium 2
18133.0,Medium 2
17788.0,Medium 2
17353.0,Medium 2
17033.0,Medium 2
18194.0,Medium 2
18173.0,Medium 2
18093.0,Medium 2
16546.0,Medium 2
17919.0,Medium 2
17268.0,Medium 2
17905.0,Medium 2
17560.0,Medium 2
18064.0,Medium 2
16551.0,Medium 2
18251.0,Medium 2
16766.0,Medium 2
17457.0,Medium 2
18151.0,Medium 2
17770.0,Medium 2
17553.0,Medium 2
17934.0,Medium 2
17152.0,Medium 2
17462.0,Medium 2
16621.0,Medium 2
17242.0,Medium 2
16563.0,Medium 2
17642.0,Medium 2
16754.0,Medium 2
16997.0,Medium 2
17980.0,Medium 2
17704.0,Medium 2
18218.0,Medium 2
17398.0,Medium 2
16567.0,Medium 2
18228.0,Medium 2
17146.0,Medium 2
17588.0,Medium 2
18062.0,Medium 2
17724.0,Medium 2
18136.0,Medium 2
17723.0,Medium 2
17262.0,Medium 2
18142.0,Medium 2
12346.0,Medium 2
15569.0,Medium 2
16146.0,Medium 2
14867.0,Medium 2
14212.0,Medium 2
13464.0,Medium 2
16140.0,Medium 2
14885.0,Medium 2
16136.0,Medium 2
13169.0,Medium 2
14887.0,Medium 2
14201.0,Medium 2
15734.0,Medium 2
16122.0,Medium 2
16120.0,Medium 2
14195.0,Medium 2
14894.0,Medium 2
15749.0,Medium 2
14164.0,Medium 2
13135.0,Medium 2
14222.0,Medium 2
16152.0,Medium 2
16160.0,Medium 2
15648.0,Medium 2
15649.0,Medium 2
13049.0,Medium 2
14306.0,Medium 2
15653.0,Medium 2
14778.0,Medium 2
13853.0,Medium 2
16216.0,Medium 2
13925.0,Medium 2
13075.0,Medium 2
15133.0,Medium 2
16182.0,Medium 2
14828.0,Medium 2
13893.0,Medium 2
15223.0,Medium 2
16174.0,Medium 2
16163.0,Medium 2
14229.0,Medium 2
13878.0,Medium 2
13220.0,Medium 2
13929.0,Medium 2
13414.0,Medium 2
15813.0,Medium 2
15071.0,Medium 2
13951.0,Medium 2
15075.0,Medium 2
13388.0,Medium 2
15171.0,Medium 2
14055.0,Medium 2
13963.0,Medium 2
15947.0,Medium 2
13375.0,Medium 2
13328.0,Medium 2
15098.0,Medium 2
13370.0,Medium 2
14045.0,Medium 2
15100.0,Medium 2
13989.0,Medium 2
14015.0,Medium 2
14006.0,Medium 2
13325.0,Medium 2
13848.0,Medium 2
15057.0,Medium 2
15181.0,Medium 2
16086.0,Medium 2
16083.0,Medium 2
15205.0,Medium 2
14970.0,Medium 2
14973.0,Medium 2
13934.0,Medium 2
13249.0,Medium 2
15199.0,Medium 2
15812.0,Medium 2
13253.0,Medium 2
16037.0,Medium 2
13261.0,Medium 2
16027.0,Medium 2
15797.0,Medium 2
15985.0,Medium 2
14101.0,Medium 2
13397.0,Medium 2
15045.0,Medium 2
15777.0,Medium 2
13038.0,Medium 2
13355.0,Medium 2
15643.0,Medium 2
12967.0,Medium 2
14643.0,Medium 2
14644.0,Medium 2
12976.0,Medium 2
14411.0,Medium 2
13791.0,Medium 2
14356.0,Medium 2
15364.0,Medium 2
12980.0,Medium 2
14421.0,Medium 2
15372.0,Medium 2
12908.0,Medium 2
13805.0,Medium 2
12842.0,Medium 2
13799.0,Medium 2
13750.0,Medium 2
13587.0,Medium 2
13753.0,Medium 2
13763.0,Medium 2
16389.0,Medium 2
13631.0,Medium 2
13639.0,Medium 2
14403.0,Medium 2
16380.0,Medium 2
15333.0,Medium 2
14567.0,Medium 2
13035.0,Medium 2
12924.0,Medium 2
14557.0,Medium 2
15341.0,Medium 2
14548.0,Medium 2
14628.0,Medium 2
16377.0,Medium 2
13748.0,Medium 2
13572.0,Medium 2
13819.0,Medium 2
16256.0,Medium 2
13027.0,Medium 2
13518.0,Medium 2
15400.0,Medium 2
13023.0,Medium 2
15636.0,Medium 2
14459.0,Medium 2
16449.0,Medium 2
13689.0,Medium 2
12823.0,Medium 2
16276.0,Medium 2
14603.0,Medium 2
15299.0,Medium 2
15304.0,Medium 2
13741.0,Medium 2
16281.0,Medium 2
13990.0,Bad
17670.0,Bad
17693.0,Bad
13745.0,Bad
17694.0,Bad
17805.0,Bad
17789.0,Bad
13955.0,Bad
14000.0,Bad
13936.0,Bad
13762.0,Bad
13718.0,Bad
13948.0,Bad
13747.0,Bad
13740.0,Bad
13980.0,Bad
17674.0,Bad
13937.0,Bad
13976.0,Bad
17691.0,Bad
13947.0,Bad
13972.0,Bad
13723.0,Bad
17678.0,Bad
13751.0,Bad
13946.0,Bad
13967.0,Bad
13731.0,Bad
13737.0,Bad
13754.0,Bad
13973.0,Bad
13927.0,Bad
17697.0,Bad
13889.0,Bad
13826.0,Bad
13833.0,Bad
13888.0,Bad
13887.0,Bad
13886.0,Bad
13877.0,Bad
13876.0,Bad
13874.0,Bad
17732.0,Bad
13873.0,Bad
13807.0,Bad
13866.0,Bad
13863.0,Bad
13859.0,Bad
13837.0,Bad
13858.0,Bad
13856.0,Bad
17742.0,Bad
13841.0,Bad
17752.0,Bad
17746.0,Bad
17747.0,Bad
13845.0,Bad
13865.0,Bad
13774.0,Bad
17718.0,Bad
13806.0,Bad
17698.0,Bad
13933.0,Bad
17785.0,Bad
13778.0,Bad
17701.0,Bad
17781.0,Bad
13932.0,Bad
13930.0,Bad
13781.0,Bad
13786.0,Bad
17707.0,Bad
17763.0,Bad
17775.0,Bad
17709.0,Bad
13923.0,Bad
13787.0,Bad
13922.0,Bad
17714.0,Bad
13792.0,Bad
13800.0,Bad
13801.0,Bad
17715.0,Bad
13803.0,Bad
13898.0,Bad
17708.0,Bad
13885.0,Bad
14100.0,Bad
14013.0,Bad
14327.0,Bad
14331.0,Bad
14333.0,Bad
17520.0,Bad
14338.0,Bad
17517.0,Bad
17524.0,Bad
14339.0,Bad
17514.0,Bad
17513.0,Bad
14348.0,Bad
14350.0,Bad
14351.0,Bad
14353.0,Bad
14340.0,Bad
14355.0,Bad
17525.0,Bad
14323.0,Bad
14280.0,Bad
14288.0,Bad
14301.0,Bad
17548.0,Bad
14304.0,Bad
17542.0,Bad
14326.0,Bad
14311.0,Bad
17536.0,Bad
17535.0,Bad
17534.0,Bad
17531.0,Bad
14317.0,Bad
14320.0,Bad
14314.0,Bad
14273.0,Bad
17506.0,Bad
14371.0,Bad
17464.0,Bad
14423.0,Bad
14431.0,Bad
14436.0,Bad
17460.0,Bad
14437.0,Bad
14420.0,Bad
14438.0,Bad
17456.0,Bad
17455.0,Bad
14453.0,Bad
14457.0,Bad
14460.0,Bad
14463.0,Bad
14450.0,Bad
14368.0,Bad
14413.0,Bad
17475.0,Bad
14373.0,Bad
17501.0,Bad
14377.0,Bad
17499.0,Bad
17498.0,Bad
17496.0,Bad
14406.0,Bad
14386.0,Bad
14393.0,Bad
14400.0,Bad
17489.0,Bad
17486.0,Bad
17483.0,Bad
17480.0,Bad
17492.0,Bad
14272.0,Bad
14271.0,Bad
14270.0,Bad
14066.0,Bad
14068.0,Bad
14079.0,Bad
14082.0,Bad
14089.0,Bad
17630.0,Bad
17639.0,Bad
14090.0,Bad
13716.0,Bad
14104.0,Bad
14109.0,Bad
17620.0,Bad
14114.0,Bad
14117.0,Bad
17628.0,Bad
17616.0,Bad
17640.0,Bad
17643.0,Bad
14014.0,Bad
14021.0,Bad
14022.0,Bad
14024.0,Bad
14027.0,Bad
14029.0,Bad
14059.0,Bad
17654.0,Bad
14037.0,Bad
14041.0,Bad
14046.0,Bad
14053.0,Bad
17647.0,Bad
14054.0,Bad
14036.0,Bad
17615.0,Bad
14124.0,Bad
14133.0,Bad
17578.0,Bad
17574.0,Bad
14236.0,Bad
17572.0,Bad
14237.0,Bad
17569.0,Bad
14220.0,Bad
14238.0,Bad
14242.0,Bad
14247.0,Bad
14248.0,Bad
14259.0,Bad
14264.0,Bad
17556.0,Bad
14241.0,Bad
17582.0,Bad
14208.0,Bad
14206.0,Bad
14142.0,Bad
14143.0,Bad
14147.0,Bad
14148.0,Bad
14149.0,Bad
17603.0,Bad
14155.0,Bad
17601.0,Bad
14162.0,Bad
14165.0,Bad
14176.0,Bad
14184.0,Bad
14185.0,Bad
14196.0,Bad
14199.0,Bad
14012.0,Bad
13712.0,Bad
13594.0,Bad
13706.0,Bad
18138.0,Bad
13108.0,Bad
13116.0,Bad
13120.0,Bad
13127.0,Bad
18129.0,Bad
13130.0,Bad
13132.0,Bad
13133.0,Bad
13144.0,Bad
13161.0,Bad
18120.0,Bad
18119.0,Bad
13166.0,Bad
13177.0,Bad
13106.0,Bad
18114.0,Bad
13101.0,Bad
13095.0,Bad
13060.0,Bad
18165.0,Bad
13061.0,Bad
13062.0,Bad
18160.0,Bad
18159.0,Bad
13065.0,Bad
13067.0,Bad
18155.0,Bad
13070.0,Bad
13072.0,Bad
13080.0,Bad
13085.0,Bad
18146.0,Bad
13092.0,Bad
13099.0,Bad
13059.0,Bad
18113.0,Bad
13187.0,Bad
13244.0,Bad
13248.0,Bad
18078.0,Bad
13260.0,Bad
18074.0,Bad
18072.0,Bad
18071.0,Bad
13262.0,Bad
18068.0,Bad
13270.0,Bad
18066.0,Bad
13273.0,Bad
13276.0,Bad
13279.0,Bad
13283.0,Bad
13242.0,Bad
13185.0,Bad
13239.0,Bad
18086.0,Bad
13193.0,Bad
18108.0,Bad
18106.0,Bad
13194.0,Bad
13210.0,Bad
13216.0,Bad
13217.0,Bad
18099.0,Bad
13218.0,Bad
18095.0,Bad
13223.0,Bad
13226.0,Bad
13227.0,Bad
18088.0,Bad
13228.0,Bad
13229.0,Bad
13284.0,Bad
18169.0,Bad
13045.0,Bad
12864.0,Bad
18250.0,Bad
12871.0,Bad
12873.0,Bad
12875.0,Bad
12881.0,Bad
12884.0,Bad
12888.0,Bad
12891.0,Bad
12897.0,Bad
12902.0,Bad
12915.0,Bad
18233.0,Bad
18232.0,Bad
12917.0,Bad
12863.0,Bad
12922.0,Bad
18255.0,Bad
12852.0,Bad
12821.0,Bad
18281.0,Bad
18280.0,Bad
18278.0,Bad
18277.0,Bad
12824.0,Bad
12829.0,Bad
12831.0,Bad
12833.0,Bad
18269.0,Bad
18268.0,Bad
12834.0,Bad
12837.0,Bad
18262.0,Bad
12845.0,Bad
12855.0,Bad
13052.0,Bad
12923.0,Bad
12929.0,Bad
13003.0,Bad
13005.0,Bad
18193.0,Bad
13006.0,Bad
18191.0,Bad
18190.0,Bad
13008.0,Bad
13011.0,Bad
18185.0,Bad
18183.0,Bad
13033.0,Bad
13034.0,Bad
18176.0,Bad
13043.0,Bad
13044.0,Bad
13002.0,Bad
18227.0,Bad
18200.0,Bad
18203.0,Bad
12930.0,Bad
18224.0,Bad
12945.0,Bad
18222.0,Bad
12956.0,Bad
18220.0,Bad
12968.0,Bad
12974.0,Bad
18215.0,Bad
18213.0,Bad
12977.0,Bad
12982.0,Bad
12987.0,Bad
12995.0,Bad
12999.0,Bad
13000.0,Bad
13295.0,Bad
18056.0,Bad
13296.0,Bad
17900.0,Bad
17899.0,Bad
17898.0,Bad
13514.0,Bad
13519.0,Bad
13529.0,Bad
17893.0,Bad
17892.0,Bad
17891.0,Bad
13531.0,Bad
17889.0,Bad
13539.0,Bad
17887.0,Bad
13551.0,Bad
13561.0,Bad
13513.0,Bad
13570.0,Bad
13512.0,Bad
17906.0,Bad
13482.0,Bad
13483.0,Bad
17926.0,Bad
17925.0,Bad
13484.0,Bad
17923.0,Bad
13485.0,Bad
13487.0,Bad
13489.0,Bad
13494.0,Bad
13497.0,Bad
13503.0,Bad
17912.0,Bad
13504.0,Bad
13506.0,Bad
13508.0,Bad
13479.0,Bad
17881.0,Bad
17879.0,Bad
13663.0,Bad
17849.0,Bad
13666.0,Bad
13670.0,Bad
17843.0,Bad
13672.0,Bad
13675.0,Bad
13678.0,Bad
13682.0,Bad
13684.0,Bad
13686.0,Bad
13690.0,Bad
13699.0,Bad
13703.0,Bad
17824.0,Bad
13649.0,Bad
17880.0,Bad
17854.0,Bad
13645.0,Bad
13581.0,Bad
17877.0,Bad
13584.0,Bad
17871.0,Bad
14473.0,Bad
17869.0,Bad
13600.0,Bad
17866.0,Bad
13602.0,Bad
13615.0,Bad
13618.0,Bad
17862.0,Bad
13621.0,Bad
13626.0,Bad
17859.0,Bad
17855.0,Bad
13473.0,Bad
13470.0,Bad
13466.0,Bad
18017.0,Bad
13345.0,Bad
13347.0,Bad
13348.0,Bad
18013.0,Bad
18011.0,Bad
18010.0,Bad
18009.0,Bad
13351.0,Bad
13352.0,Bad
18004.0,Bad
13358.0,Bad
13359.0,Bad
13364.0,Bad
17995.0,Bad
18018.0,Bad
13368.0,Bad
18019.0,Bad
18024.0,Bad
18053.0,Bad
18050.0,Bad
18048.0,Bad
13299.0,Bad
13300.0,Bad
13302.0,Bad
18042.0,Bad
13304.0,Bad
13307.0,Bad
18037.0,Bad
13321.0,Bad
18033.0,Bad
18032.0,Bad
13338.0,Bad
18027.0,Bad
13343.0,Bad
17991.0,Bad
17990.0,Bad
13369.0,Bad
17957.0,Bad
17956.0,Bad
17955.0,Bad
13419.0,Bad
13420.0,Bad
13434.0,Bad
17948.0,Bad
13441.0,Bad
17946.0,Bad
13452.0,Bad
17941.0,Bad
13453.0,Bad
17939.0,Bad
13462.0,Bad
17935.0,Bad
17958.0,Bad
17960.0,Bad
13411.0,Bad
17962.0,Bad
17987.0,Bad
17986.0,Bad
13372.0,Bad
13382.0,Bad
17978.0,Bad
13385.0,Bad
13390.0,Bad
13711.0,Bad
13391.0,Bad
17972.0,Bad
17970.0,Bad
17969.0,Bad
13395.0,Bad
13398.0,Bad
13402.0,Bad
13405.0,Bad
17973.0,Bad
17446.0,Bad
16483.0,Bad
17440.0,Bad
15869.0,Bad
15881.0,Bad
15882.0,Bad
15885.0,Bad
16803.0,Bad
15886.0,Bad
15888.0,Bad
16796.0,Bad
15894.0,Bad
15895.0,Bad
16793.0,Bad
16792.0,Bad
15897.0,Bad
15899.0,Bad
15909.0,Bad
16808.0,Bad
15912.0,Bad
15853.0,Bad
15852.0,Bad
16834.0,Bad
16832.0,Bad
16829.0,Bad
16828.0,Bad
16826.0,Bad
15820.0,Bad
15823.0,Bad
16823.0,Bad
16820.0,Bad
15825.0,Bad
15837.0,Bad
16816.0,Bad
15840.0,Bad
15843.0,Bad
16812.0,Bad
16810.0,Bad
16835.0,Bad
15917.0,Bad
16781.0,Bad
16758.0,Bad
16757.0,Bad
16756.0,Bad
15970.0,Bad
15973.0,Bad
16753.0,Bad
16752.0,Bad
15975.0,Bad
15994.0,Bad
16006.0,Bad
16030.0,Bad
16034.0,Bad
16048.0,Bad
16739.0,Bad
16738.0,Bad
15958.0,Bad
15918.0,Bad
16761.0,Bad
15945.0,Bad
15921.0,Bad
15922.0,Bad
16778.0,Bad
15923.0,Bad
15925.0,Bad
15930.0,Bad
15935.0,Bad
16773.0,Bad
15937.0,Bad
15938.0,Bad
16769.0,Bad
15940.0,Bad
15942.0,Bad
15944.0,Bad
16765.0,Bad
16763.0,Bad
16737.0,Bad
15803.0,Bad
16838.0,Bad
16926.0,Bad
15637.0,Bad
15639.0,Bad
15646.0,Bad
16917.0,Bad
15652.0,Bad
16913.0,Bad
15655.0,Bad
15661.0,Bad
16909.0,Bad
15663.0,Bad
15668.0,Bad
15670.0,Bad
15675.0,Bad
15678.0,Bad
16927.0,Bad
15683.0,Bad
15624.0,Bad
15610.0,Bad
16952.0,Bad
15554.0,Bad
15562.0,Bad
15577.0,Bad
16948.0,Bad
16947.0,Bad
15578.0,Bad
15585.0,Bad
15589.0,Bad
15593.0,Bad
15598.0,Bad
15603.0,Bad
15604.0,Bad
15607.0,Bad
15609.0,Bad
15623.0,Bad
15802.0,Bad
15689.0,Bad
15695.0,Bad
15754.0,Bad
16861.0,Bad
15759.0,Bad
16858.0,Bad
15762.0,Bad
15766.0,Bad
15768.0,Bad
15774.0,Bad
16850.0,Bad
16849.0,Bad
16848.0,Bad
15775.0,Bad
15776.0,Bad
15780.0,Bad
15789.0,Bad
16866.0,Bad
15691.0,Bad
15753.0,Bad
15744.0,Bad
16897.0,Bad
15703.0,Bad
15705.0,Bad
15709.0,Bad
15713.0,Bad
15717.0,Bad
15723.0,Bad
15724.0,Bad
15729.0,Bad
16883.0,Bad
15732.0,Bad
16881.0,Bad
15733.0,Bad
16878.0,Bad
15739.0,Bad
15746.0,Bad
16050.0,Bad
16052.0,Bad
16055.0,Bad
16574.0,Bad
16315.0,Bad
16319.0,Bad
16323.0,Bad
16338.0,Bad
16339.0,Bad
16342.0,Bad
16344.0,Bad
16565.0,Bad
16349.0,Bad
16351.0,Bad
16354.0,Bad
16356.0,Bad
16363.0,Bad
16378.0,Bad
16581.0,Bad
16384.0,Bad
16582.0,Bad
16306.0,Bad
16272.0,Bad
16275.0,Bad
16603.0,Bad
16278.0,Bad
16598.0,Bad
16282.0,Bad
16287.0,Bad
16292.0,Bad
16297.0,Bad
16302.0,Bad
16305.0,Bad
16591.0,Bad
16589.0,Bad
16587.0,Bad
16586.0,Bad
16583.0,Bad
16610.0,Bad
16552.0,Bad
16400.0,Bad
16447.0,Bad
16448.0,Bad
16450.0,Bad
16510.0,Bad
16509.0,Bad
16451.0,Bad
16457.0,Bad
16461.0,Bad
16462.0,Bad
16468.0,Bad
16499.0,Bad
16498.0,Bad
16471.0,Bad
16473.0,Bad
16475.0,Bad
16517.0,Bad
16387.0,Bad
16518.0,Bad
16432.0,Bad
16403.0,Bad
16545.0,Bad
16542.0,Bad
16404.0,Bad
16405.0,Bad
16412.0,Bad
16413.0,Bad
16424.0,Bad
16425.0,Bad
16529.0,Bad
16427.0,Bad
16527.0,Bad
16526.0,Bad
16429.0,Bad
16430.0,Bad
16441.0,Bad
16611.0,Bad
16257.0,Bad
16613.0,Bad
16116.0,Bad
16117.0,Bad
16123.0,Bad
16124.0,Bad
16697.0,Bad
16125.0,Bad
16135.0,Bad
16690.0,Bad
16689.0,Bad
16141.0,Bad
16142.0,Bad
16144.0,Bad
16147.0,Bad
16148.0,Bad
16679.0,Bad
16114.0,Bad
16159.0,Bad
16113.0,Bad
16109.0,Bad
16063.0,Bad
16072.0,Bad
16073.0,Bad
16078.0,Bad
16080.0,Bad
16084.0,Bad
16721.0,Bad
16091.0,Bad
16093.0,Bad
16096.0,Bad
16097.0,Bad
16104.0,Bad
16715.0,Bad
16105.0,Bad
16106.0,Bad
16112.0,Bad
16162.0,Bad
16171.0,Bad
16178.0,Bad
16634.0,Bad
16227.0,Bad
16230.0,Bad
16233.0,Bad
16627.0,Bad
16236.0,Bad
16625.0,Bad
16239.0,Bad
16623.0,Bad
16247.0,Bad
16248.0,Bad
16619.0,Bad
16250.0,Bad
16617.0,Bad
16614.0,Bad
16226.0,Bad
16217.0,Bad
16641.0,Bad
16215.0,Bad
16179.0,Bad
16181.0,Bad
16665.0,Bad
16659.0,Bad
16658.0,Bad
16183.0,Bad
16193.0,Bad
15552.0,Bad
16198.0,Bad
16202.0,Bad
16203.0,Bad
16650.0,Bad
16211.0,Bad
16647.0,Bad
16213.0,Bad
16643.0,Bad
16654.0,Bad
14476.0,Bad
15543.0,Bad
15541.0,Bad
14861.0,Bad
14870.0,Bad
17291.0,Bad
14873.0,Bad
14886.0,Bad
14888.0,Bad
14889.0,Bad
14890.0,Bad
17279.0,Bad
17278.0,Bad
14891.0,Bad
14905.0,Bad
14908.0,Bad
17267.0,Bad
14915.0,Bad
17298.0,Bad
14924.0,Bad
14855.0,Bad
14847.0,Bad
14782.0,Bad
14792.0,Bad
17325.0,Bad
14795.0,Bad
14798.0,Bad
14799.0,Bad
14806.0,Bad
14813.0,Bad
14816.0,Bad
14819.0,Bad
14821.0,Bad
17312.0,Bad
17309.0,Bad
14830.0,Bad
14840.0,Bad
14850.0,Bad
17331.0,Bad
17263.0,Bad
14951.0,Bad
15052.0,Bad
15063.0,Bad
15070.0,Bad
17226.0,Bad
17222.0,Bad
15083.0,Bad
15087.0,Bad
15090.0,Bad
17217.0,Bad
15091.0,Bad
15092.0,Bad
17212.0,Bad
17206.0,Bad
17205.0,Bad
15099.0,Bad
15049.0,Bad
14947.0,Bad
15047.0,Bad
15042.0,Bad
17256.0,Bad
14957.0,Bad
14962.0,Bad
14964.0,Bad
17251.0,Bad
14972.0,Bad
14975.0,Bad
17245.0,Bad
14981.0,Bad
14988.0,Bad
15007.0,Bad
17239.0,Bad
15016.0,Bad
15030.0,Bad
15035.0,Bad
17234.0,Bad
17201.0,Bad
17333.0,Bad
14780.0,Bad
14538.0,Bad
14542.0,Bad
14555.0,Bad
17408.0,Bad
14570.0,Bad
14576.0,Bad
14586.0,Bad
14589.0,Bad
14600.0,Bad
16484.0,Bad
17394.0,Bad
14616.0,Bad
17391.0,Bad
14619.0,Bad
14620.0,Bad
17415.0,Bad
14622.0,Bad
14537.0,Bad
14523.0,Bad
17438.0,Bad
14479.0,Bad
14481.0,Bad
14483.0,Bad
14489.0,Bad
14491.0,Bad
14496.0,Bad
17429.0,Bad
14497.0,Bad
17427.0,Bad
14500.0,Bad
14501.0,Bad
14512.0,Bad
14513.0,Bad
14518.0,Bad
14536.0,Bad
17334.0,Bad
14624.0,Bad
14633.0,Bad
17356.0,Bad
14722.0,Bad
14727.0,Bad
14747.0,Bad
14753.0,Bad
17349.0,Bad
14757.0,Bad
17347.0,Bad
14760.0,Bad
14761.0,Bad
14762.0,Bad
17343.0,Bad
14772.0,Bad
17339.0,Bad
14779.0,Bad
14705.0,Bad
14632.0,Bad
14699.0,Bad
14693.0,Bad
17382.0,Bad
14642.0,Bad
17376.0,Bad
14645.0,Bad
17374.0,Bad
14647.0,Bad
14652.0,Bad
14660.0,Bad
17370.0,Bad
14681.0,Bad
17367.0,Bad
14682.0,Bad
14687.0,Bad
17362.0,Bad
14689.0,Bad
14697.0,Bad
15107.0,Bad
15109.0,Bad
17194.0,Bad
15347.0,Bad
17040.0,Bad
15348.0,Bad
15350.0,Bad
17035.0,Bad
15361.0,Bad
15363.0,Bad
17030.0,Bad
15374.0,Bad
17026.0,Bad
17025.0,Bad
15381.0,Bad
15384.0,Bad
15386.0,Bad
15389.0,Bad
15346.0,Bad
15395.0,Bad
15343.0,Bad
17045.0,Bad
15300.0,Bad
15303.0,Bad
15307.0,Bad
15308.0,Bad
15313.0,Bad
17060.0,Bad
15314.0,Bad
15315.0,Bad
15316.0,Bad
17053.0,Bad
15319.0,Bad
15326.0,Bad
15327.0,Bad
15335.0,Bad
17046.0,Bad
15342.0,Bad
15292.0,Bad
15396.0,Bad
15405.0,Bad
15504.0,Bad
15510.0,Bad
16978.0,Bad
16976.0,Bad
15512.0,Bad
15517.0,Bad
15523.0,Bad
16967.0,Bad
15528.0,Bad
16965.0,Bad
16963.0,Bad
16961.0,Bad
15537.0,Bad
16959.0,Bad
16957.0,Bad
16982.0,Bad
15397.0,Bad
15488.0,Bad
15468.0,Bad
15408.0,Bad
15412.0,Bad
15417.0,Bad
15422.0,Bad
15424.0,Bad
15433.0,Bad
16998.0,Bad
15438.0,Bad
15442.0,Bad
15445.0,Bad
16990.0,Bad
15447.0,Bad
15448.0,Bad
15454.0,Bad
15462.0,Bad
15475.0,Bad
15280.0,Bad
15279.0,Bad
15266.0,Bad
15165.0,Bad
15167.0,Bad
15174.0,Bad
15175.0,Bad
15178.0,Bad
15180.0,Bad
17154.0,Bad
15182.0,Bad
15185.0,Bad
17148.0,Bad
15193.0,Bad
15198.0,Bad
17142.0,Bad
17140.0,Bad
15204.0,Bad
17165.0,Bad
17138.0,Bad
15160.0,Bad
17171.0,Bad
15118.0,Bad
15119.0,Bad
17190.0,Bad
15120.0,Bad
15127.0,Bad
17187.0,Bad
15130.0,Bad
17181.0,Bad
15135.0,Bad
15139.0,Bad
17176.0,Bad
15143.0,Bad
17174.0,Bad
15147.0,Bad
17172.0,Bad
15149.0,Bad
17134.0,Bad
15210.0,Bad
15212.0,Bad
15236.0,Bad
17094.0,Bad
15243.0,Bad
15244.0,Bad
15246.0,Bad
15247.0,Bad
15254.0,Bad
15256.0,Bad
15257.0,Bad
15258.0,Bad
15261.0,Bad
15262.0,Bad
15263.0,Bad
17079.0,Bad
15264.0,Bad
15234.0,Bad
15232.0,Bad
15230.0,Bad
17102.0,Bad
17128.0,Bad
15213.0,Bad
15216.0,Bad
17124.0,Bad
17123.0,Bad
17122.0,Bad
17120.0,Bad
16955.0,Bad
15219.0,Bad
17117.0,Bad
15221.0,Bad
15222.0,Bad
17110.0,Bad
15224.0,Bad
15225.0,Bad
15226.0,Bad
17118.0,Bad
14609.0,Bad
