18287.0,Bad
17324.0,Bad
14794.0,Bad
14790.0,Bad
17338.0,Bad
17340.0,Bad
14769.0,Bad
14766.0,Bad
17346.0,Bad
14759.0,Bad
17348.0,Bad
14755.0,Bad
17350.0,Bad
14748.0,Bad
14741.0,Bad
14739.0,Bad
14738.0,Bad
14735.0,Bad
14733.0,Bad
14732.0,Bad
14730.0,Bad
14725.0,Bad
14796.0,Bad
17323.0,Bad
17321.0,Bad
14800.0,Bad
14883.0,Bad
14878.0,Bad
17293.0,Bad
14869.0,Bad
14868.0,Bad
14866.0,Bad
14862.0,Bad
14859.0,Bad
14856.0,Bad
17299.0,Bad
14723.0,Bad
14849.0,Bad
14842.0,Bad
14834.0,Bad
17306.0,Bad
14829.0,Bad
14825.0,Bad
17314.0,Bad
17315.0,Bad
14815.0,Bad
14810.0,Bad
14808.0,Bad
17302.0,Bad
17289.0,Bad
14719.0,Bad
14713.0,Bad
14640.0,Bad
14629.0,Bad
14626.0,Bad
14623.0,Bad
17387.0,Bad
14621.0,Bad
17389.0,Bad
14607.0,Bad
14606.0,Bad
17397.0,Bad
14597.0,Bad
14595.0,Bad
14591.0,Bad
14587.0,Bad
17402.0,Bad
14583.0,Bad
14577.0,Bad
14572.0,Bad
17405.0,Bad
14562.0,Bad
14560.0,Bad
17381.0,Bad
17377.0,Bad
14649.0,Bad
17372.0,Bad
14711.0,Bad
14709.0,Bad
14704.0,Bad
14702.0,Bad
14701.0,Bad
14700.0,Bad
14698.0,Bad
14696.0,Bad
14691.0,Bad
14688.0,Bad
14715.0,Bad
17364.0,Bad
17365.0,Bad
17368.0,Bad
14680.0,Bad
14676.0,Bad
14667.0,Bad
14662.0,Bad
14659.0,Bad
14657.0,Bad
14655.0,Bad
14653.0,Bad
14684.0,Bad
17410.0,Bad
17288.0,Bad
14893.0,Bad
17173.0,Bad
15145.0,Bad
15144.0,Bad
17175.0,Bad
15136.0,Bad
15134.0,Bad
17183.0,Bad
15132.0,Bad
15129.0,Bad
17188.0,Bad
15125.0,Bad
15123.0,Bad
17191.0,Bad
15117.0,Bad
15116.0,Bad
15114.0,Bad
15113.0,Bad
15111.0,Bad
17198.0,Bad
15106.0,Bad
15105.0,Bad
15150.0,Bad
15152.0,Bad
15156.0,Bad
15157.0,Bad
17109.0,Bad
17114.0,Bad
15218.0,Bad
15214.0,Bad
17131.0,Bad
15208.0,Bad
17135.0,Bad
17139.0,Bad
15203.0,Bad
17144.0,Bad
17203.0,Bad
15194.0,Bad
15189.0,Bad
15187.0,Bad
15179.0,Bad
17158.0,Bad
17159.0,Bad
17160.0,Bad
15172.0,Bad
17162.0,Bad
17164.0,Bad
15159.0,Bad
17147.0,Bad
17287.0,Bad
17211.0,Bad
17213.0,Bad
15021.0,Bad
17238.0,Bad
15009.0,Bad
15005.0,Bad
17243.0,Bad
14971.0,Bad
14963.0,Bad
14961.0,Bad
14948.0,Bad
14944.0,Bad
14923.0,Bad
14921.0,Bad
14913.0,Bad
14907.0,Bad
17272.0,Bad
14904.0,Bad
14903.0,Bad
14901.0,Bad
14898.0,Bad
14897.0,Bad
14895.0,Bad
15022.0,Bad
15023.0,Bad
15024.0,Bad
15031.0,Bad
17218.0,Bad
15089.0,Bad
15088.0,Bad
17220.0,Bad
15078.0,Bad
15073.0,Bad
17227.0,Bad
15065.0,Bad
17228.0,Bad
15061.0,Bad
15093.0,Bad
15059.0,Bad
15053.0,Bad
15051.0,Bad
15050.0,Bad
17231.0,Bad
15046.0,Bad
15044.0,Bad
15039.0,Bad
17236.0,Bad
15034.0,Bad
15033.0,Bad
15058.0,Bad
17107.0,Bad
14554.0,Bad
14550.0,Bad
17593.0,Bad
14180.0,Bad
14179.0,Bad
14178.0,Bad
17596.0,Bad
14159.0,Bad
17602.0,Bad
17609.0,Bad
14146.0,Bad
17611.0,Bad
14140.0,Bad
14138.0,Bad
14135.0,Bad
17613.0,Bad
14132.0,Bad
14129.0,Bad
14125.0,Bad
14121.0,Bad
17618.0,Bad
14116.0,Bad
14112.0,Bad
14188.0,Bad
14189.0,Bad
14191.0,Bad
14194.0,Bad
14251.0,Bad
14250.0,Bad
17562.0,Bad
14243.0,Bad
17566.0,Bad
14240.0,Bad
14239.0,Bad
17567.0,Bad
17571.0,Bad
14234.0,Bad
14110.0,Bad
14232.0,Bad
14227.0,Bad
14226.0,Bad
14221.0,Bad
14217.0,Bad
14216.0,Bad
14215.0,Bad
14214.0,Bad
17581.0,Bad
14209.0,Bad
17590.0,Bad
17576.0,Bad
14258.0,Bad
14102.0,Bad
17625.0,Bad
14032.0,Bad
14031.0,Bad
14030.0,Bad
17655.0,Bad
17659.0,Bad
14019.0,Bad
17663.0,Bad
14005.0,Bad
14004.0,Bad
17669.0,Bad
13999.0,Bad
13995.0,Bad
13994.0,Bad
13993.0,Bad
13991.0,Bad
17671.0,Bad
17672.0,Bad
13988.0,Bad
13985.0,Bad
13983.0,Bad
13982.0,Bad
14035.0,Bad
17653.0,Bad
17652.0,Bad
14040.0,Bad
14099.0,Bad
14096.0,Bad
14092.0,Bad
17629.0,Bad
14088.0,Bad
14085.0,Bad
14083.0,Bad
17633.0,Bad
17634.0,Bad
14075.0,Bad
17624.0,Bad
14071.0,Bad
14062.0,Bad
14060.0,Bad
14057.0,Bad
14056.0,Bad
17644.0,Bad
14051.0,Bad
14050.0,Bad
14049.0,Bad
14044.0,Bad
17651.0,Bad
14064.0,Bad
14553.0,Bad
14261.0,Bad
17554.0,Bad
14498.0,Bad
17428.0,Bad
14493.0,Bad
14487.0,Bad
14482.0,Bad
17434.0,Bad
17442.0,Bad
14466.0,Bad
17449.0,Bad
17450.0,Bad
17451.0,Bad
14456.0,Bad
14449.0,Bad
14447.0,Bad
14446.0,Bad
14441.0,Bad
14440.0,Bad
17459.0,Bad
17461.0,Bad
14432.0,Bad
14428.0,Bad
14499.0,Bad
17426.0,Bad
17425.0,Bad
14502.0,Bad
14547.0,Bad
14546.0,Bad
14544.0,Bad
14543.0,Bad
17412.0,Bad
14540.0,Bad
17416.0,Bad
14534.0,Bad
14533.0,Bad
14530.0,Bad
14426.0,Bad
14527.0,Bad
14524.0,Bad
17419.0,Bad
14515.0,Bad
17422.0,Bad
14511.0,Bad
14507.0,Bad
14506.0,Bad
14505.0,Bad
14504.0,Bad
14503.0,Bad
14525.0,Bad
14262.0,Bad
17463.0,Bad
14419.0,Bad
14334.0,Bad
17521.0,Bad
17522.0,Bad
14329.0,Bad
14321.0,Bad
17528.0,Bad
17530.0,Bad
14315.0,Bad
17537.0,Bad
14312.0,Bad
14309.0,Bad
14299.0,Bad
14298.0,Bad
14297.0,Bad
14293.0,Bad
14292.0,Bad
14291.0,Bad
14290.0,Bad
14289.0,Bad
14286.0,Bad
14282.0,Bad
14336.0,Bad
17519.0,Bad
17516.0,Bad
14341.0,Bad
14418.0,Bad
14415.0,Bad
17469.0,Bad
14412.0,Bad
17470.0,Bad
14408.0,Bad
14404.0,Bad
17481.0,Bad
14401.0,Bad
17490.0,Bad
14422.0,Bad
14397.0,Bad
17491.0,Bad
14390.0,Bad
14388.0,Bad
14387.0,Bad
14383.0,Bad
14367.0,Bad
14360.0,Bad
14359.0,Bad
17511.0,Bad
17512.0,Bad
14395.0,Bad
17673.0,Bad
15227.0,Bad
17100.0,Bad
16717.0,Bad
16094.0,Bad
16719.0,Bad
16722.0,Bad
16085.0,Bad
16726.0,Bad
16076.0,Bad
16728.0,Bad
16729.0,Bad
16066.0,Bad
16062.0,Bad
16057.0,Bad
16056.0,Bad
16053.0,Bad
16049.0,Bad
16042.0,Bad
16743.0,Bad
16744.0,Bad
16033.0,Bad
16029.0,Bad
16746.0,Bad
16102.0,Bad
16103.0,Bad
16713.0,Bad
16712.0,Bad
16168.0,Bad
16672.0,Bad
16161.0,Bad
16676.0,Bad
16156.0,Bad
16153.0,Bad
16678.0,Bad
16150.0,Bad
16145.0,Bad
16684.0,Bad
16023.0,Bad
16143.0,Bad
16688.0,Bad
16133.0,Bad
16128.0,Bad
16126.0,Bad
16700.0,Bad
16701.0,Bad
16705.0,Bad
16115.0,Bad
16710.0,Bad
16110.0,Bad
16686.0,Bad
16169.0,Bad
16020.0,Bad
16016.0,Bad
16762.0,Bad
16764.0,Bad
16767.0,Bad
16771.0,Bad
15933.0,Bad
15932.0,Bad
16775.0,Bad
16779.0,Bad
16782.0,Bad
15916.0,Bad
15910.0,Bad
15907.0,Bad
15906.0,Bad
15903.0,Bad
16790.0,Bad
15898.0,Bad
16791.0,Bad
16794.0,Bad
16800.0,Bad
15867.0,Bad
15862.0,Bad
15948.0,Bad
15950.0,Bad
15952.0,Bad
15953.0,Bad
16015.0,Bad
16014.0,Bad
16013.0,Bad
16012.0,Bad
16011.0,Bad
16009.0,Bad
16007.0,Bad
16747.0,Bad
16003.0,Bad
15998.0,Bad
16019.0,Bad
16748.0,Bad
15990.0,Bad
15987.0,Bad
15984.0,Bad
15983.0,Bad
15981.0,Bad
15977.0,Bad
15974.0,Bad
15965.0,Bad
16759.0,Bad
15955.0,Bad
15993.0,Bad
15861.0,Bad
16170.0,Bad
16173.0,Bad
16549.0,Bad
16393.0,Bad
16554.0,Bad
16379.0,Bad
16376.0,Bad
16369.0,Bad
16367.0,Bad
16365.0,Bad
16364.0,Bad
16362.0,Bad
16361.0,Bad
16360.0,Bad
16359.0,Bad
16358.0,Bad
16558.0,Bad
16560.0,Bad
16353.0,Bad
16350.0,Bad
16348.0,Bad
16347.0,Bad
16341.0,Bad
16401.0,Bad
16539.0,Bad
16407.0,Bad
16409.0,Bad
16495.0,Bad
16474.0,Bad
16496.0,Bad
16497.0,Bad
16466.0,Bad
16464.0,Bad
16463.0,Bad
16460.0,Bad
16458.0,Bad
16511.0,Bad
16570.0,Bad
16444.0,Bad
16438.0,Bad
16434.0,Bad
16523.0,Bad
16525.0,Bad
16426.0,Bad
16531.0,Bad
16422.0,Bad
16418.0,Bad
16416.0,Bad
16533.0,Bad
16440.0,Bad
16670.0,Bad
16333.0,Bad
16327.0,Bad
16633.0,Bad
16637.0,Bad
16225.0,Bad
16221.0,Bad
16218.0,Bad
16638.0,Bad
16639.0,Bad
16210.0,Bad
16208.0,Bad
16205.0,Bad
16653.0,Bad
16201.0,Bad
16200.0,Bad
16655.0,Bad
16656.0,Bad
16191.0,Bad
16188.0,Bad
16187.0,Bad
16186.0,Bad
16657.0,Bad
16669.0,Bad
16628.0,Bad
16235.0,Bad
16626.0,Bad
16240.0,Bad
16326.0,Bad
16571.0,Bad
16592.0,Bad
16303.0,Bad
16295.0,Bad
16293.0,Bad
16284.0,Bad
16283.0,Bad
16600.0,Bad
16279.0,Bad
16332.0,Bad
16607.0,Bad
16271.0,Bad
16265.0,Bad
16261.0,Bad
16258.0,Bad
16612.0,Bad
16255.0,Bad
16618.0,Bad
16245.0,Bad
16242.0,Bad
16241.0,Bad
16609.0,Bad
17101.0,Bad
15860.0,Bad
15856.0,Bad
15465.0,Bad
16987.0,Bad
15453.0,Bad
15449.0,Bad
16992.0,Bad
15444.0,Bad
15443.0,Bad
15436.0,Bad
15434.0,Bad
15427.0,Bad
15426.0,Bad
17001.0,Bad
17004.0,Bad
17006.0,Bad
15411.0,Bad
17007.0,Bad
15407.0,Bad
15399.0,Bad
15398.0,Bad
17015.0,Bad
17017.0,Bad
16985.0,Bad
15478.0,Bad
15482.0,Bad
15484.0,Bad
16954.0,Bad
15533.0,Bad
15532.0,Bad
15531.0,Bad
15530.0,Bad
15529.0,Bad
15527.0,Bad
15525.0,Bad
15521.0,Bad
15514.0,Bad
15394.0,Bad
15513.0,Bad
16979.0,Bad
15506.0,Bad
15502.0,Bad
15500.0,Bad
15498.0,Bad
15494.0,Bad
15493.0,Bad
15489.0,Bad
16983.0,Bad
15485.0,Bad
15511.0,Bad
15544.0,Bad
15392.0,Bad
15382.0,Bad
17073.0,Bad
17075.0,Bad
15274.0,Bad
15271.0,Bad
17082.0,Bad
17084.0,Bad
17086.0,Bad
15253.0,Bad
15252.0,Bad
15251.0,Bad
15249.0,Bad
17088.0,Bad
17090.0,Bad
17091.0,Bad
17092.0,Bad
15240.0,Bad
15239.0,Bad
15238.0,Bad
15237.0,Bad
17095.0,Bad
17096.0,Bad
15288.0,Bad
15289.0,Bad
15290.0,Bad
15291.0,Bad
15376.0,Bad
15373.0,Bad
15370.0,Bad
15365.0,Bad
15358.0,Bad
15356.0,Bad
15351.0,Bad
17041.0,Bad
17042.0,Bad
17043.0,Bad
17019.0,Bad
17049.0,Bad
17054.0,Bad
17059.0,Bad
15311.0,Bad
17063.0,Bad
17068.0,Bad
15301.0,Bad
17069.0,Bad
15298.0,Bad
15296.0,Bad
17071.0,Bad
15329.0,Bad
15858.0,Bad
15547.0,Bad
15563.0,Bad
15782.0,Bad
16843.0,Bad
15769.0,Bad
15763.0,Bad
15755.0,Bad
16869.0,Bad
15752.0,Bad
15750.0,Bad
16871.0,Bad
15747.0,Bad
15745.0,Bad
16873.0,Bad
15743.0,Bad
15738.0,Bad
15737.0,Bad
16877.0,Bad
16880.0,Bad
15727.0,Bad
15722.0,Bad
15719.0,Bad
16891.0,Bad
15785.0,Bad
15786.0,Bad
15787.0,Bad
16841.0,Bad
15854.0,Bad
16809.0,Bad
15845.0,Bad
16813.0,Bad
16814.0,Bad
15839.0,Bad
15838.0,Bad
16817.0,Bad
15835.0,Bad
16818.0,Bad
15712.0,Bad
15819.0,Bad
16833.0,Bad
15811.0,Bad
15807.0,Bad
15805.0,Bad
15804.0,Bad
16837.0,Bad
15801.0,Bad
16839.0,Bad
15796.0,Bad
15791.0,Bad
15814.0,Bad
15555.0,Bad
15708.0,Bad
15701.0,Bad
15618.0,Bad
15615.0,Bad
15611.0,Bad
16931.0,Bad
15608.0,Bad
15605.0,Bad
15602.0,Bad
15601.0,Bad
15599.0,Bad
16938.0,Bad
15594.0,Bad
16942.0,Bad
15584.0,Bad
15582.0,Bad
16945.0,Bad
16949.0,Bad
15576.0,Bad
15572.0,Bad
15570.0,Bad
18283.0,Bad
15568.0,Bad
15622.0,Bad
16929.0,Bad
15628.0,Bad
15630.0,Bad
15696.0,Bad
15694.0,Bad
16899.0,Bad
16900.0,Bad
15687.0,Bad
15681.0,Bad
15680.0,Bad
15679.0,Bad
15676.0,Bad
16904.0,Bad
15707.0,Bad
15671.0,Bad
16907.0,Bad
16910.0,Bad
15660.0,Bad
15656.0,Bad
16912.0,Bad
16918.0,Bad
15640.0,Bad
16923.0,Bad
16924.0,Bad
15632.0,Bad
16905.0,Bad
17675.0,Bad
14673.0,Bad
13363.0,Bad
13230.0,Bad
18092.0,Bad
13725.0,Bad
18096.0,Bad
13726.0,Bad
18097.0,Bad
18102.0,Bad
13212.0,Bad
13728.0,Bad
13211.0,Bad
17809.0,Bad
13209.0,Bad
13203.0,Bad
13200.0,Bad
13199.0,Bad
13735.0,Bad
13736.0,Bad
13198.0,Bad
17800.0,Bad
13742.0,Bad
13196.0,Bad
18109.0,Bad
17799.0,Bad
17811.0,Bad
13232.0,Bad
18082.0,Bad
13246.0,Bad
13681.0,Bad
17837.0,Bad
18061.0,Bad
13692.0,Bad
13694.0,Bad
13695.0,Bad
18065.0,Bad
13269.0,Bad
13700.0,Bad
17827.0,Bad
13268.0,Bad
17797.0,Bad
13267.0,Bad
13704.0,Bad
13263.0,Bad
18069.0,Bad
18075.0,Bad
13709.0,Bad
18077.0,Bad
18079.0,Bad
17813.0,Bad
13717.0,Bad
17812.0,Bad
13719.0,Bad
13266.0,Bad
13285.0,Bad
17888.0,Bad
13184.0,Bad
13126.0,Bad
13118.0,Bad
13117.0,Bad
17779.0,Bad
13782.0,Bad
13115.0,Bad
17777.0,Bad
13113.0,Bad
13110.0,Bad
13107.0,Bad
18139.0,Bad
13798.0,Bad
13102.0,Bad
17769.0,Bad
17768.0,Bad
13098.0,Bad
13804.0,Bad
13097.0,Bad
17764.0,Bad
18144.0,Bad
13808.0,Bad
18145.0,Bad
13090.0,Bad
18130.0,Bad
13131.0,Bad
18125.0,Bad
13777.0,Bad
13183.0,Bad
13178.0,Bad
17790.0,Bad
13174.0,Bad
13755.0,Bad
13756.0,Bad
13758.0,Bad
13761.0,Bad
13168.0,Bad
13167.0,Bad
18118.0,Bad
17796.0,Bad
13767.0,Bad
13165.0,Bad
13159.0,Bad
13157.0,Bad
13155.0,Bad
13149.0,Bad
13148.0,Bad
18122.0,Bad
13772.0,Bad
13139.0,Bad
13138.0,Bad
13137.0,Bad
13769.0,Bad
13089.0,Bad
13680.0,Bad
17838.0,Bad
13467.0,Bad
17937.0,Bad
13458.0,Bad
13456.0,Bad
13455.0,Bad
13451.0,Bad
13588.0,Bad
13450.0,Bad
13448.0,Bad
13590.0,Bad
13447.0,Bad
13437.0,Bad
13435.0,Bad
17870.0,Bad
17949.0,Bad
13430.0,Bad
13596.0,Bad
13429.0,Bad
13426.0,Bad
13599.0,Bad
17867.0,Bad
13421.0,Bad
13601.0,Bad
13577.0,Bad
13468.0,Bad
17932.0,Bad
13576.0,Bad
13536.0,Bad
13534.0,Bad
13549.0,Bad
13527.0,Bad
13523.0,Bad
17886.0,Bad
13521.0,Bad
13516.0,Bad
13510.0,Bad
13509.0,Bad
13507.0,Bad
17865.0,Bad
13500.0,Bad
13495.0,Bad
13566.0,Bad
17884.0,Bad
13571.0,Bad
13488.0,Bad
17920.0,Bad
13481.0,Bad
17883.0,Bad
13477.0,Bad
13471.0,Bad
13575.0,Bad
13499.0,Bad
18055.0,Bad
13418.0,Bad
13607.0,Bad
18016.0,Bad
13650.0,Bad
18022.0,Bad
13340.0,Bad
13652.0,Bad
13327.0,Bad
13654.0,Bad
18035.0,Bad
13324.0,Bad
13658.0,Bad
13319.0,Bad
13316.0,Bad
13314.0,Bad
13313.0,Bad
13310.0,Bad
13309.0,Bad
13308.0,Bad
13305.0,Bad
13668.0,Bad
18041.0,Bad
18044.0,Bad
17841.0,Bad
13297.0,Bad
13647.0,Bad
13644.0,Bad
13362.0,Bad
13975.0,Bad
13610.0,Bad
17961.0,Bad
13614.0,Bad
13408.0,Bad
17965.0,Bad
17861.0,Bad
13623.0,Bad
17966.0,Bad
13629.0,Bad
13630.0,Bad
13396.0,Bad
17954.0,Bad
13394.0,Bad
17858.0,Bad
17975.0,Bad
13632.0,Bad
13389.0,Bad
13634.0,Bad
13384.0,Bad
13636.0,Bad
17979.0,Bad
13381.0,Bad
17857.0,Bad
13365.0,Bad
17974.0,Bad
13824.0,Bad
13186.0,Bad
13081.0,Bad
17686.0,Bad
17690.0,Bad
13941.0,Bad
13940.0,Bad
13014.0,Bad
13883.0,Bad
13018.0,Bad
13013.0,Bad
12913.0,Bad
13012.0,Bad
12849.0,Bad
18259.0,Bad
13882.0,Bad
18188.0,Bad
17735.0,Bad
13867.0,Bad
12847.0,Bad
13021.0,Bad
13030.0,Bad
12839.0,Bad
12901.0,Bad
17739.0,Bad
17738.0,Bad
12921.0,Bad
12919.0,Bad
13949.0,Bad
13862.0,Bad
13028.0,Bad
12841.0,Bad
17725.0,Bad
17685.0,Bad
13884.0,Bad
13860.0,Bad
13004.0,Bad
13870.0,Bad
12963.0,Bad
18245.0,Bad
12989.0,Bad
18236.0,Bad
12906.0,Bad
12971.0,Bad
17705.0,Bad
18219.0,Bad
12985.0,Bad
17706.0,Bad
13924.0,Bad
18210.0,Bad
17730.0,Bad
18237.0,Bad
18241.0,Bad
12883.0,Bad
12877.0,Bad
17703.0,Bad
17727.0,Bad
17696.0,Bad
18198.0,Bad
17700.0,Bad
13871.0,Bad
13001.0,Bad
13881.0,Bad
18257.0,Bad
12997.0,Bad
12856.0,Bad
12910.0,Bad
12867.0,Bad
12909.0,Bad
17702.0,Bad
12994.0,Bad
13880.0,Bad
18180.0,Bad
13854.0,Bad
17728.0,Bad
12838.0,Bad
12931.0,Bad
12925.0,Bad
12928.0,Bad
13838.0,Bad
12949.0,Bad
17720.0,Bad
17757.0,Bad
13890.0,Bad
13835.0,Bad
17758.0,Bad
18226.0,Bad
17716.0,Bad
12826.0,Bad
17676.0,Bad
12948.0,Bad
18161.0,Bad
18225.0,Bad
13064.0,Bad
13831.0,Bad
12820.0,Bad
13969.0,Bad
13895.0,Bad
12749.0,Bad
18156.0,Bad
13971.0,Bad
12936.0,Bad
17677.0,Bad
17719.0,Bad
18223.0,Bad
12951.0,Bad
13069.0,Bad
18229.0,Bad
18263.0,Bad
18179.0,Bad
17759.0,Bad
18177.0,Bad
12935.0,Bad
17744.0,Bad
12957.0,Bad
12747.0,Bad
13040.0,Bad
18272.0,Bad
18172.0,Bad
13078.0,Bad
13077.0,Bad
12828.0,Bad
18221.0,Bad
12937.0,Bad
13048.0,Bad
13050.0,Bad
12955.0,Bad
13846.0,Bad
17750.0,Bad
13956.0,Bad
17754.0,Bad
13047.0,Bad
12748.0,Bad
12952.0,Bad
17682.0,Bad
18230.0,Bad
14594.0,Medium 2
14664.0,Medium 2
14598.0,Medium 2
12904.0,Medium 2
14593.0,Medium 2
17052.0,Medium 2
14077.0,Medium 2
17081.0,Medium 2
13379.0,Medium 2
18034.0,Medium 2
14093.0,Medium 2
17373.0,Medium 2
16243.0,Medium 2
18015.0,Medium 2
17385.0,Medium 2
17379.0,Medium 2
14087.0,Medium 2
17999.0,Medium 2
17383.0,Medium 2
18005.0,Medium 2
17371.0,Medium 2
18001.0,Medium 2
16372.0,Medium 2
14675.0,Medium 2
15028.0,Medium 2
16445.0,Medium 2
15025.0,Medium 2
13569.0,Medium 2
17917.0,Medium 2
17914.0,Medium 2
14805.0,Medium 2
15000.0,Medium 2
14995.0,Medium 2
17247.0,Medium 2
17250.0,Medium 2
17885.0,Medium 2
17254.0,Medium 2
17255.0,Medium 2
14954.0,Medium 2
13558.0,Medium 2
14953.0,Medium 2
16504.0,Medium 2
16469.0,Medium 2
17266.0,Medium 2
17286.0,Medium 2
17290.0,Medium 2
14871.0,Medium 2
13532.0,Medium 2
13546.0,Medium 2
17301.0,Medium 2
17295.0,Medium 2
17297.0,Medium 2
13544.0,Medium 2
16442.0,Medium 2
12890.0,Medium 2
15054.0,Medium 2
15068.0,Medium 2
15184.0,Medium 2
14690.0,Medium 2
13617.0,Medium 2
17964.0,Medium 2
17360.0,Medium 2
17864.0,Medium 2
16343.0,Medium 2
14052.0,Medium 2
13606.0,Medium 2
17357.0,Medium 2
14710.0,Medium 2
18252.0,Medium 2
14716.0,Medium 2
13428.0,Medium 2
16368.0,Medium 2
14592.0,Medium 2
16386.0,Medium 2
14731.0,Medium 2
13939.0,Medium 2
14034.0,Medium 2
16399.0,Medium 2
12844.0,Medium 2
16406.0,Medium 2
17936.0,Medium 2
16411.0,Medium 2
17345.0,Medium 2
17221.0,Medium 2
17664.0,Medium 2
16415.0,Medium 2
15060.0,Medium 2
18036.0,Medium 2
18045.0,Medium 2
14452.0,Medium 2
14470.0,Medium 2
16933.0,Medium 2
16936.0,Medium 2
16005.0,Medium 2
14167.0,Medium 2
16706.0,Medium 2
15573.0,Medium 2
15571.0,Medium 2
14485.0,Medium 2
14467.0,Medium 2
16750.0,Medium 2
18127.0,Medium 2
15550.0,Medium 2
16960.0,Medium 2
18211.0,Medium 2
18181.0,Medium 2
14157.0,Medium 2
15522.0,Medium 2
15821.0,Medium 2
13780.0,Medium 2
17432.0,Medium 2
14379.0,Medium 2
17595.0,Medium 2
16930.0,Medium 2
16903.0,Medium 2
13176.0,Medium 2
16898.0,Medium 2
16024.0,Medium 2
13173.0,Medium 2
13171.0,Medium 2
18117.0,Medium 2
14204.0,Medium 2
18110.0,Medium 2
16892.0,Medium 2
15720.0,Medium 2
15721.0,Medium 2
16915.0,Medium 2
16916.0,Medium 2
17458.0,Medium 2
17806.0,Medium 2
15645.0,Medium 2
17579.0,Medium 2
16885.0,Medium 2
12933.0,Medium 2
14382.0,Medium 2
14508.0,Medium 2
16969.0,Medium 2
17564.0,Medium 2
17608.0,Medium 2
12970.0,Medium 2
17835.0,Medium 2
15957.0,Medium 2
13066.0,Medium 2
17555.0,Medium 2
15870.0,Medium 2
15429.0,Medium 2
15872.0,Medium 2
15877.0,Medium 2
17839.0,Medium 2
13673.0,Medium 2
17545.0,Medium 2
15883.0,Medium 2
15919.0,Medium 2
18043.0,Medium 2
15406.0,Medium 2
16804.0,Medium 2
16204.0,Medium 2
17014.0,Medium 2
16768.0,Medium 2
15900.0,Medium 2
13822.0,Medium 2
15901.0,Medium 2
15452.0,Medium 2
17832.0,Medium 2
17793.0,Medium 2
13271.0,Medium 2
17561.0,Medium 2
17772.0,Medium 2
15850.0,Medium 2
15967.0,Medium 2
15467.0,Medium 2
13278.0,Medium 2
15471.0,Medium 2
13790.0,Medium 2
17515.0,Medium 2
13496.0,Medium 2
13029.0,Medium 2
15971.0,Medium 2
16505.0,Medium 2
15951.0,Medium 2
16825.0,Medium 2
13094.0,Medium 2
18135.0,Medium 2
16751.0,Medium 2
15822.0,Medium 2
16513.0,Medium 2
16446.0,Medium 2
13147.0,Medium 2
15969.0,Medium 2
18170.0,Medium 2
18167.0,Medium 2
13524.0,Medium 2
15793.0,Medium 2
16532.0,Medium 2
17930.0,Medium 2
15865.0,Medium 2
15864.0,Medium 2
12830.0,Medium 2
13104.0,Medium 2
17924.0,Medium 2
15027.0,Medium 2
16000.0,Medium 2
15806.0,Medium 2
17929.0,Medium 2
17034.0,Medium 2
13026.0,Medium 2
13258.0,Medium 2
15215.0,Medium 2
17115.0,Medium 2
16157.0,Medium 2
15497.0,Medium 2
16260.0,Medium 2
12912.0,Medium 2
16671.0,Medium 2
15492.0,Medium 2
16164.0,Medium 2
15473.0,Medium 2
16986.0,Medium 2
13282.0,Medium 2
17076.0,Medium 2
15267.0,Medium 2
15270.0,Medium 2
16989.0,Medium 2
16642.0,Medium 2
15380.0,Medium 2
16212.0,Medium 2
13323.0,Medium 2
17018.0,Medium 2
17044.0,Medium 2
17133.0,Medium 2
15330.0,Medium 2
13329.0,Medium 2
12950.0,Medium 2
16232.0,Medium 2
16660.0,Medium 2
13350.0,Medium 2
16996.0,Medium 2
15414.0,Medium 2
16966.0,Medium 2
16682.0,Medium 2
18080.0,Medium 2
15621.0,Medium 2
18104.0,Medium 2
16079.0,Medium 2
16070.0,Medium 2
15654.0,Medium 2
17193.0,Medium 2
16099.0,Medium 2
16043.0,Medium 2
16041.0,Medium 2
15110.0,Medium 2
17197.0,Medium 2
15677.0,Medium 2
17940.0,Medium 2
15103.0,Medium 2
15669.0,Medium 2
13461.0,Medium 2
16107.0,Medium 2
13416.0,Medium 2
15197.0,Medium 2
16127.0,Medium 2
15195.0,Medium 2
16308.0,Medium 2
15561.0,Medium 2
12882.0,Medium 2
17951.0,Medium 2
13238.0,Medium 2
13410.0,Medium 2
15587.0,Medium 2
16708.0,Medium 2
16711.0,Medium 2
16357.0,Medium 2
13225.0,Medium 2
13236.0,Medium 2
13538.0,Medium 2
16491.0,Medium 2
17526.0,Medium 2
17386.0,Medium 2
17584.0,Medium 2
17317.0,Medium 2
17500.0,Medium 2
14756.0,Medium 2
17502.0,Medium 2
13759.0,Medium 2
14434.0,Medium 2
13705.0,Medium 2
17313.0,Medium 2
17396.0,Medium 2
14522.0,Medium 2
14047.0,Medium 2
14824.0,Medium 2
17423.0,Medium 2
14608.0,Medium 2
13918.0,Medium 2
13868.0,Medium 2
14141.0,Medium 2
14150.0,Medium 2
13743.0,Medium 2
14788.0,Medium 2
14126.0,Medium 2
17523.0,Medium 2
14198.0,Medium 2
14113.0,Medium 2
17466.0,Medium 2
17621.0,Medium 2
14477.0,Medium 2
14631.0,Medium 2
17856.0,Medium 2
17733.0,Medium 2
14111.0,Medium 2
14744.0,Medium 2
14233.0,Medium 2
14145.0,Medium 2
17414.0,Medium 2
13953.0,Medium 2
14001.0,Medium 2
13823.0,Medium 2
14342.0,Medium 2
14285.0,Medium 2
17761.0,Medium 2
13784.0,Medium 2
17354.0,Medium 2
14712.0,Medium 2
14332.0,Medium 2
13685.0,Medium 2
17411.0,Medium 2
14708.0,Medium 2
13984.0,Medium 2
17666.0,Medium 2
13950.0,Medium 2
14720.0,Medium 2
14737.0,Medium 2
15699.0,Medium 1
14345.0,Medium 1
16811.0,Medium 1
15692.0,Medium 1
15830.0,Medium 1
17791.0,Medium 1
15690.0,Medium 1
16914.0,Medium 1
13182.0,Medium 1
15836.0,Medium 1
14427.0,Medium 1
15847.0,Medium 1
15844.0,Medium 1
18105.0,Medium 1
18112.0,Medium 1
15657.0,Medium 1
15659.0,Medium 1
16824.0,Medium 1
14424.0,Medium 1
13188.0,Medium 1
15667.0,Medium 1
15664.0,Medium 1
13189.0,Medium 1
14416.0,Medium 1
17468.0,Medium 1
14362.0,Medium 1
14349.0,Medium 1
15758.0,Medium 1
16856.0,Medium 1
16855.0,Medium 1
14357.0,Medium 1
16852.0,Medium 1
13142.0,Medium 1
16836.0,Medium 1
15773.0,Medium 1
16851.0,Medium 1
16847.0,Medium 1
15790.0,Medium 1
16846.0,Medium 1
15781.0,Medium 1
15783.0,Medium 1
18123.0,Medium 1
13170.0,Medium 1
13145.0,Medium 1
16863.0,Medium 1
15714.0,Medium 1
16830.0,Medium 1
16887.0,Medium 1
14385.0,Medium 1
15725.0,Medium 1
16884.0,Medium 1
14354.0,Medium 1
13160.0,Medium 1
15809.0,Medium 1
13153.0,Medium 1
15748.0,Medium 1
17510.0,Medium 1
17503.0,Medium 1
13146.0,Medium 1
15740.0,Medium 1
17495.0,Medium 1
14860.0,Medium 1
13739.0,Medium 1
17836.0,Medium 1
16988.0,Medium 1
15450.0,Medium 1
14539.0,Medium 1
15458.0,Medium 1
15463.0,Medium 1
17831.0,Medium 1
17418.0,Medium 1
15469.0,Medium 1
13277.0,Medium 1
13272.0,Medium 1
14528.0,Medium 1
18067.0,Medium 1
13697.0,Medium 1
17830.0,Medium 1
14520.0,Medium 1
17420.0,Medium 1
18059.0,Medium 1
13292.0,Medium 1
15435.0,Medium 1
16999.0,Medium 1
13311.0,Medium 1
14582.0,Medium 1
14581.0,Medium 1
15393.0,Medium 1
14578.0,Medium 1
18040.0,Medium 1
17403.0,Medium 1
13669.0,Medium 1
14517.0,Medium 1
17011.0,Medium 1
14569.0,Medium 1
13298.0,Medium 1
15419.0,Medium 1
15423.0,Medium 1
18058.0,Medium 1
15428.0,Medium 1
14551.0,Medium 1
15432.0,Medium 1
17010.0,Medium 1
16971.0,Medium 1
15516.0,Medium 1
15520.0,Medium 1
15567.0,Medium 1
18084.0,Medium 1
13721.0,Medium 1
14484.0,Medium 1
14480.0,Medium 1
17436.0,Medium 1
15592.0,Medium 1
15597.0,Medium 1
15565.0,Medium 1
14474.0,Medium 1
13727.0,Medium 1
15612.0,Medium 1
15619.0,Medium 1
17453.0,Medium 1
13207.0,Medium 1
15634.0,Medium 1
13732.0,Medium 1
14448.0,Medium 1
17447.0,Medium 1
15651.0,Medium 1
15557.0,Medium 1
16953.0,Medium 1
16968.0,Medium 1
15524.0,Medium 1
13256.0,Medium 1
15526.0,Medium 1
13255.0,Medium 1
13710.0,Medium 1
17817.0,Medium 1
17816.0,Medium 1
15556.0,Medium 1
13247.0,Medium 1
14495.0,Medium 1
15539.0,Medium 1
15540.0,Medium 1
16956.0,Medium 1
13245.0,Medium 1
18081.0,Medium 1
14494.0,Medium 1
15551.0,Medium 1
17430.0,Medium 1
18101.0,Medium 1
15904.0,Medium 1
13103.0,Medium 1
12893.0,Medium 1
18240.0,Medium 1
16298.0,Medium 1
16593.0,Medium 1
17637.0,Medium 1
13926.0,Medium 1
16311.0,Medium 1
16313.0,Medium 1
16318.0,Medium 1
16322.0,Medium 1
16325.0,Medium 1
16330.0,Medium 1
13928.0,Medium 1
16337.0,Medium 1
16569.0,Medium 1
12879.0,Medium 1
16566.0,Medium 1
16596.0,Medium 1
12895.0,Medium 1
16597.0,Medium 1
17636.0,Medium 1
14108.0,Medium 1
17623.0,Medium 1
13897.0,Medium 1
13899.0,Medium 1
14098.0,Medium 1
13904.0,Medium 1
17631.0,Medium 1
12920.0,Medium 1
16345.0,Medium 1
13914.0,Medium 1
16616.0,Medium 1
13917.0,Medium 1
14080.0,Medium 1
17712.0,Medium 1
14073.0,Medium 1
16602.0,Medium 1
16601.0,Medium 1
17711.0,Medium 1
16620.0,Medium 1
18246.0,Medium 1
16561.0,Medium 1
16352.0,Medium 1
13954.0,Medium 1
16516.0,Medium 1
13992.0,Medium 1
12827.0,Medium 1
16506.0,Medium 1
16454.0,Medium 1
13960.0,Medium 1
13962.0,Medium 1
16519.0,Medium 1
18274.0,Medium 1
18276.0,Medium 1
18282.0,Medium 1
16500.0,Medium 1
13986.0,Medium 1
13978.0,Medium 1
16478.0,Medium 1
16479.0,Medium 1
16482.0,Medium 1
17680.0,Medium 1
16648.0,Medium 1
18273.0,Medium 1
12832.0,Medium 1
18249.0,Medium 1
16557.0,Medium 1
17650.0,Medium 1
16366.0,Medium 1
14039.0,Medium 1
16555.0,Medium 1
13938.0,Medium 1
17658.0,Medium 1
16433.0,Medium 1
14023.0,Medium 1
14020.0,Medium 1
16535.0,Medium 1
16414.0,Medium 1
17668.0,Medium 1
16423.0,Medium 1
17684.0,Medium 1
16528.0,Medium 1
18270.0,Medium 1
18261.0,Medium 1
15857.0,Medium 1
13894.0,Medium 1
12938.0,Medium 1
17557.0,Medium 1
18158.0,Medium 1
13828.0,Medium 1
15963.0,Medium 1
13832.0,Medium 1
18164.0,Medium 1
13058.0,Medium 1
13844.0,Medium 1
15986.0,Medium 1
17573.0,Medium 1
15988.0,Medium 1
15992.0,Medium 1
13046.0,Medium 1
16008.0,Medium 1
18174.0,Medium 1
16017.0,Medium 1
16018.0,Medium 1
13068.0,Medium 1
15949.0,Medium 1
18154.0,Medium 1
18150.0,Medium 1
15863.0,Medium 1
17767.0,Medium 1
17538.0,Medium 1
17540.0,Medium 1
17549.0,Medium 1
14300.0,Medium 1
14295.0,Medium 1
17760.0,Medium 1
14219.0,Medium 1
13091.0,Medium 1
14287.0,Medium 1
16789.0,Medium 1
18147.0,Medium 1
13083.0,Medium 1
16784.0,Medium 1
14284.0,Medium 1
18149.0,Medium 1
13079.0,Medium 1
15385.0,Medium 1
14218.0,Medium 1
17737.0,Medium 1
16025.0,Medium 1
12981.0,Medium 1
14158.0,Medium 1
18216.0,Medium 1
18217.0,Medium 1
16680.0,Medium 1
16149.0,Medium 1
12966.0,Medium 1
14139.0,Medium 1
16139.0,Medium 1
12962.0,Medium 1
16177.0,Medium 1
16668.0,Medium 1
16666.0,Medium 1
16185.0,Medium 1
13892.0,Medium 1
16189.0,Medium 1
16190.0,Medium 1
12944.0,Medium 1
12953.0,Medium 1
16207.0,Medium 1
16134.0,Medium 1
17600.0,Medium 1
16026.0,Medium 1
17736.0,Medium 1
18184.0,Medium 1
16038.0,Medium 1
14205.0,Medium 1
16742.0,Medium 1
13017.0,Medium 1
16732.0,Medium 1
12984.0,Medium 1
16071.0,Medium 1
18205.0,Medium 1
14174.0,Medium 1
12993.0,Medium 1
14173.0,Medium 1
12991.0,Medium 1
12990.0,Medium 1
16119.0,Medium 1
18209.0,Medium 1
16720.0,Medium 1
17022.0,Medium 1
13974.0,Medium 1
17024.0,Medium 1
15014.0,Medium 1
15017.0,Medium 1
14638.0,Medium 1
15018.0,Medium 1
13565.0,Medium 1
14793.0,Medium 1
17329.0,Medium 1
14789.0,Medium 1
13643.0,Medium 1
17237.0,Medium 1
14785.0,Medium 1
13366.0,Medium 1
17988.0,Medium 1
17985.0,Medium 1
17235.0,Medium 1
15043.0,Medium 1
14784.0,Medium 1
17233.0,Medium 1
17928.0,Medium 1
17232.0,Medium 1
17330.0,Medium 1
13573.0,Medium 1
13638.0,Medium 1
15010.0,Medium 1
17111.0,Medium 1
14804.0,Medium 1
14636.0,Medium 1
13651.0,Medium 1
17852.0,Medium 1
15287.0,Medium 1
15286.0,Medium 1
13560.0,Medium 1
17911.0,Medium 1
17253.0,Medium 1
18014.0,Medium 1
13349.0,Medium 1
14966.0,Medium 1
14967.0,Medium 1
14968.0,Medium 1
15277.0,Medium 1
14974.0,Medium 1
15275.0,Medium 1
14984.0,Medium 1
15269.0,Medium 1
14987.0,Medium 1
13502.0,Medium 1
17384.0,Medium 1
14997.0,Medium 1
17078.0,Medium 1
17080.0,Medium 1
18006.0,Medium 1
17119.0,Medium 1
17977.0,Medium 1
17125.0,Medium 1
15101.0,Medium 1
15163.0,Medium 1
14752.0,Medium 1
17166.0,Medium 1
13417.0,Medium 1
15158.0,Medium 1
13603.0,Medium 1
15153.0,Medium 1
17942.0,Medium 1
17351.0,Medium 1
14714.0,Medium 1
15148.0,Medium 1
13449.0,Medium 1
13589.0,Medium 1
15115.0,Medium 1
17947.0,Medium 1
13427.0,Medium 1
15142.0,Medium 1
15121.0,Medium 1
13592.0,Medium 1
15124.0,Medium 1
13436.0,Medium 1
17186.0,Medium 1
17163.0,Medium 1
14754.0,Medium 1
15168.0,Medium 1
15097.0,Medium 1
14658.0,Medium 1
14661.0,Medium 1
14768.0,Medium 1
14666.0,Medium 1
15206.0,Medium 1
14765.0,Medium 1
14764.0,Medium 1
16488.0,Medium 1
17344.0,Medium 1
13579.0,Medium 1
13403.0,Medium 1
15297.0,Medium 1
15186.0,Medium 1
17361.0,Medium 1
17219.0,Medium 1
17153.0,Medium 1
17155.0,Medium 1
17878.0,Medium 1
17157.0,Medium 1
13404.0,Medium 1
13460.0,Medium 1
17359.0,Medium 1
15096.0,Medium 1
14703.0,Medium 1
15081.0,Medium 1
14960.0,Medium 1
14641.0,Medium 1
13598.0,Medium 1
14851.0,Medium 1
13318.0,Medium 1
17031.0,Medium 1
15318.0,Medium 1
14881.0,Medium 1
15320.0,Medium 1
14882.0,Medium 1
17895.0,Medium 1
15360.0,Medium 1
13525.0,Medium 1
17904.0,Medium 1
14618.0,Medium 1
15355.0,Medium 1
14910.0,Medium 1
13522.0,Medium 1
17901.0,Medium 1
17274.0,Medium 1
14902.0,Medium 1
17038.0,Medium 1
13322.0,Medium 1
13657.0,Medium 1
15345.0,Medium 1
15344.0,Medium 1
14601.0,Medium 1
14836.0,Medium 1
15368.0,Medium 1
13557.0,Medium 1
17896.0,Medium 1
14865.0,Medium 1
14950.0,Medium 1
13332.0,Medium 1
14853.0,Medium 1
14946.0,Medium 1
14863.0,Medium 1
14585.0,Medium 1
18030.0,Medium 1
14820.0,Medium 1
14929.0,Medium 1
14193.0,Medium 2
18192.0,Medium 2
14854.0,Medium 2
15122.0,Medium 2
16745.0,Medium 2
15066.0,Medium 2
12836.0,Medium 2
14210.0,Medium 2
16081.0,Medium 2
16520.0,Medium 2
13082.0,Medium 2
14211.0,Medium 2
15079.0,Medium 2
17277.0,Medium 2
16725.0,Medium 2
13952.0,Medium 2
17282.0,Medium 2
17284.0,Medium 2
14758.0,Medium 2
13552.0,Medium 2
13869.0,Medium 2
15076.0,Medium 2
16036.0,Medium 2
13555.0,Medium 2
15074.0,Medium 2
15067.0,Medium 2
17734.0,Medium 2
17591.0,Medium 2
16730.0,Medium 2
18265.0,Medium 2
16493.0,Medium 2
15128.0,Medium 2
16059.0,Medium 2
17589.0,Medium 2
18189.0,Medium 2
13015.0,Medium 2
16054.0,Medium 2
13016.0,Medium 2
16735.0,Medium 2
13431.0,Medium 2
16045.0,Medium 2
13593.0,Medium 2
13032.0,Medium 2
16494.0,Medium 2
16040.0,Medium 2
15069.0,Medium 2
17585.0,Medium 2
16477.0,Medium 2
14837.0,Medium 2
18168.0,Medium 2
15980.0,Medium 2
14841.0,Medium 2
15978.0,Medium 2
13842.0,Medium 2
14245.0,Medium 2
15104.0,Medium 2
14844.0,Medium 2
16503.0,Medium 2
12822.0,Medium 2
14246.0,Medium 2
16755.0,Medium 2
14256.0,Medium 2
14257.0,Medium 2
13548.0,Medium 2
17873.0,Medium 2
16470.0,Medium 2
17552.0,Medium 2
14745.0,Medium 2
14852.0,Medium 2
14740.0,Medium 2
14267.0,Medium 2
13979.0,Medium 2
14875.0,Medium 2
16480.0,Medium 2
17894.0,Medium 2
15939.0,Medium 2
17214.0,Medium 2
14223.0,Medium 2
18178.0,Medium 2
13037.0,Medium 2
14224.0,Medium 2
13851.0,Medium 2
13583.0,Medium 2
16774.0,Medium 2
13850.0,Medium 2
14231.0,Medium 2
15095.0,Medium 2
13849.0,Medium 2
16515.0,Medium 2
15996.0,Medium 2
18171.0,Medium 2
17848.0,Medium 2
14880.0,Medium 2
14235.0,Medium 2
16455.0,Medium 2
16770.0,Medium 2
17204.0,Medium 2
17874.0,Medium 2
16456.0,Medium 2
13055.0,Medium 2
13591.0,Medium 2
14959.0,Medium 2
14770.0,Medium 2
16249.0,Medium 2
14918.0,Medium 2
12854.0,Medium 2
18231.0,Medium 2
16244.0,Medium 2
17320.0,Medium 2
12853.0,Medium 2
13911.0,Medium 2
15002.0,Medium 2
13908.0,Medium 2
16624.0,Medium 2
16370.0,Medium 2
15004.0,Medium 2
14916.0,Medium 2
13901.0,Medium 2
16229.0,Medium 2
13900.0,Medium 2
16224.0,Medium 2
16222.0,Medium 2
14803.0,Medium 2
14105.0,Medium 2
14107.0,Medium 2
16214.0,Medium 2
16644.0,Medium 2
14038.0,Medium 2
16556.0,Medium 2
16209.0,Medium 2
12916.0,Medium 2
16253.0,Medium 2
18235.0,Medium 2
14920.0,Medium 2
16572.0,Medium 2
16317.0,Medium 2
16316.0,Medium 2
16573.0,Medium 2
12885.0,Medium 2
18242.0,Medium 2
14817.0,Medium 2
14818.0,Medium 2
16309.0,Medium 2
14952.0,Medium 2
17646.0,Medium 2
12878.0,Medium 2
17648.0,Medium 2
13564.0,Medium 2
18239.0,Medium 2
13562.0,Medium 2
14976.0,Medium 2
14978.0,Medium 2
13931.0,Medium 2
16270.0,Medium 2
16268.0,Medium 2
16266.0,Medium 2
14078.0,Medium 2
12868.0,Medium 2
12857.0,Medium 2
14081.0,Medium 2
17649.0,Medium 2
13563.0,Medium 2
18248.0,Medium 2
17692.0,Medium 2
16652.0,Medium 2
12939.0,Medium 2
14161.0,Medium 2
16131.0,Medium 2
13517.0,Medium 2
17667.0,Medium 2
17230.0,Medium 2
14163.0,Medium 2
14776.0,Medium 2
16121.0,Medium 2
14009.0,Medium 2
17597.0,Medium 2
14775.0,Medium 2
13875.0,Medium 2
16709.0,Medium 2
17337.0,Medium 2
13476.0,Medium 2
17341.0,Medium 2
16108.0,Medium 2
14175.0,Medium 2
15062.0,Medium 2
16714.0,Medium 2
18204.0,Medium 2
16101.0,Medium 2
12886.0,Medium 2
16098.0,Medium 2
16419.0,Medium 2
18202.0,Medium 2
17594.0,Medium 2
16092.0,Medium 2
13475.0,Medium 2
18196.0,Medium 2
12840.0,Medium 2
13515.0,Medium 2
12940.0,Medium 2
12942.0,Medium 2
12947.0,Medium 2
13491.0,Medium 2
13093.0,Medium 2
16383.0,Medium 2
17722.0,Medium 2
16553.0,Medium 2
16184.0,Medium 2
16550.0,Medium 2
14127.0,Medium 2
17656.0,Medium 2
16180.0,Medium 2
17311.0,Medium 2
15032.0,Medium 2
16394.0,Medium 2
16172.0,Medium 2
16395.0,Medium 2
13486.0,Medium 2
15038.0,Medium 2
16398.0,Medium 2
17612.0,Medium 2
12965.0,Medium 2
17921.0,Medium 2
18260.0,Medium 2
12843.0,Medium 2
16681.0,Medium 2
14154.0,Medium 2
16175.0,Medium 2
17731.0,Medium 2
14276.0,Medium 2
14639.0,Medium 2
15644.0,Medium 2
15641.0,Medium 2
16928.0,Medium 2
13356.0,Medium 2
13208.0,Medium 2
14451.0,Medium 2
15626.0,Medium 2
15625.0,Medium 2
13730.0,Medium 2
14461.0,Medium 2
15620.0,Medium 2
15255.0,Medium 2
14462.0,Medium 2
13213.0,Medium 2
17085.0,Medium 2
13354.0,Medium 2
17083.0,Medium 2
14465.0,Medium 2
14472.0,Medium 2
15606.0,Medium 2
15260.0,Medium 2
16934.0,Medium 2
13221.0,Medium 2
18094.0,Medium 2
13224.0,Medium 2
14475.0,Medium 2
15596.0,Medium 2
16940.0,Medium 2
15265.0,Medium 2
14443.0,Medium 2
16919.0,Medium 2
17802.0,Medium 2
15245.0,Medium 2
15716.0,Medium 2
15220.0,Medium 2
15706.0,Medium 2
15704.0,Medium 2
17472.0,Medium 2
15700.0,Medium 2
13635.0,Medium 2
14407.0,Medium 2
14409.0,Medium 2
14410.0,Medium 2
13637.0,Medium 2
18116.0,Medium 2
13752.0,Medium 2
16902.0,Medium 2
15581.0,Medium 2
14414.0,Medium 2
14651.0,Medium 2
15228.0,Medium 2
13376.0,Medium 2
15674.0,Medium 2
14857.0,Medium 2
13373.0,Medium 2
13744.0,Medium 2
15235.0,Medium 2
15665.0,Medium 2
13192.0,Medium 2
17994.0,Medium 2
15658.0,Medium 2
15241.0,Medium 2
17997.0,Medium 2
17105.0,Medium 2
13722.0,Medium 2
15574.0,Medium 2
13235.0,Medium 2
13655.0,Medium 2
16984.0,Medium 2
14532.0,Medium 2
14535.0,Medium 2
17048.0,Medium 2
15464.0,Medium 2
17047.0,Medium 2
13280.0,Medium 2
14541.0,Medium 2
17037.0,Medium 2
13659.0,Medium 2
13294.0,Medium 2
15353.0,Medium 2
13320.0,Medium 2
17050.0,Medium 2
17400.0,Medium 2
17002.0,Medium 2
15421.0,Medium 2
15416.0,Medium 2
14561.0,Medium 2
14565.0,Medium 2
15410.0,Medium 2
17406.0,Medium 2
15367.0,Medium 2
14573.0,Medium 2
13317.0,Medium 2
17850.0,Medium 2
17027.0,Medium 2
15379.0,Medium 2
14584.0,Medium 2
13662.0,Medium 2
16889.0,Medium 2
15491.0,Medium 2
15321.0,Medium 2
14488.0,Medium 2
15272.0,Medium 2
14625.0,Medium 2
13240.0,Medium 2
16950.0,Medium 2
13720.0,Medium 2
16951.0,Medium 2
15281.0,Medium 2
15549.0,Medium 2
13344.0,Medium 2
13341.0,Medium 2
13715.0,Medium 2
13339.0,Medium 2
13336.0,Medium 2
15322.0,Medium 2
13334.0,Medium 2
15306.0,Medium 2
13707.0,Medium 2
15518.0,Medium 2
17819.0,Medium 2
13330.0,Medium 2
15312.0,Medium 2
17061.0,Medium 2
18073.0,Medium 2
15508.0,Medium 2
14514.0,Medium 2
15505.0,Medium 2
16980.0,Medium 2
13265.0,Medium 2
17058.0,Medium 2
17064.0,Medium 2
17787.0,Medium 2
15673.0,Medium 2
14389.0,Medium 2
13136.0,Medium 2
14364.0,Medium 2
15855.0,Medium 2
17527.0,Medium 2
16842.0,Medium 2
13422.0,Medium 2
13141.0,Medium 2
15146.0,Medium 2
17863.0,Medium 2
17169.0,Medium 2
15192.0,Medium 2
13425.0,Medium 2
14346.0,Medium 2
17504.0,Medium 2
13627.0,Medium 2
16859.0,Medium 2
13802.0,Medium 2
15757.0,Medium 2
16807.0,Medium 2
14672.0,Medium 2
18143.0,Medium 2
14307.0,Medium 2
13109.0,Medium 2
17505.0,Medium 2
13764.0,Medium 2
15164.0,Medium 2
15815.0,Medium 2
15826.0,Medium 2
15827.0,Medium 2
13122.0,Medium 2
13124.0,Medium 2
15831.0,Medium 2
15810.0,Medium 2
13134.0,Medium 2
15832.0,Medium 2
13611.0,Medium 2
15834.0,Medium 2
14344.0,Medium 2
14352.0,Medium 2
17509.0,Medium 2
17774.0,Medium 2
15800.0,Medium 2
15799.0,Medium 2
15841.0,Medium 2
15808.0,Medium 2
15201.0,Medium 2
15764.0,Medium 2
13158.0,Medium 2
14305.0,Medium 2
15874.0,Medium 2
15211.0,Medium 2
16875.0,Medium 2
16806.0,Medium 2
14665.0,Medium 2
15140.0,Medium 2
17179.0,Medium 2
15730.0,Medium 2
13162.0,Medium 2
14669.0,Medium 2
17126.0,Medium 2
17180.0,Medium 2
13151.0,Medium 2
13771.0,Medium 2
16801.0,Medium 2
17890.0,Medium 1
17259.0,Medium 1
14965.0,Medium 1
16805.0,Medium 1
17765.0,Medium 1
14067.0,Medium 1
15415.0,Medium 1
15553.0,Medium 1
15889.0,Medium 1
16594.0,Medium 1
16485.0,Medium 1
16788.0,Medium 1
13259.0,Medium 1
17950.0,Medium 1
12872.0,Medium 1
17062.0,Medium 1
15154.0,Medium 1
15829.0,Medium 1
13708.0,Medium 1
15535.0,Medium 1
17908.0,Medium 1
15402.0,Medium 1
15366.0,Medium 1
15976.0,Medium 1
16324.0,Medium 1
17070.0,Medium 1
14729.0,Medium 1
15545.0,Medium 1
17771.0,Medium 1
17550.0,Medium 1
13533.0,Medium 1
13301.0,Medium 1
14958.0,Medium 1
13667.0,Medium 1
13821.0,Medium 1
13243.0,Medium 1
16340.0,Medium 1
15349.0,Medium 1
14048.0,Medium 1
16402.0,Medium 1
14002.0,Medium 1
13656.0,Medium 1
16536.0,Medium 1
17660.0,Medium 1
15334.0,Medium 1
17897.0,Medium 1
15866.0,Medium 1
15466.0,Medium 1
16776.0,Medium 1
15437.0,Medium 1
17551.0,Medium 1
15460.0,Medium 1
15457.0,Medium 1
15456.0,Medium 1
15440.0,Medium 1
16431.0,Medium 1
14896.0,Medium 1
13439.0,Medium 1
14549.0,Medium 1
15339.0,Medium 1
15880.0,Medium 1
16777.0,Medium 1
17189.0,Medium 1
17265.0,Medium 1
13291.0,Medium 1
15507.0,Medium 1
14823.0,Medium 1
13827.0,Medium 1
15503.0,Medium 1
17303.0,Medium 1
14552.0,Medium 1
13959.0,Medium 1
15472.0,Medium 1
17392.0,Medium 1
12851.0,Medium 1
15325.0,Medium 1
17051.0,Medium 1
16385.0,Medium 1
14529.0,Medium 1
15483.0,Medium 1
16392.0,Medium 1
15920.0,Medium 1
16780.0,Medium 1
16374.0,Medium 1
17252.0,Medium 1
17248.0,Medium 1
17913.0,Medium 1
14152.0,Medium 1
17604.0,Medium 1
15041.0,Medium 1
16674.0,Medium 1
17984.0,Medium 1
17223.0,Medium 1
15036.0,Medium 1
14130.0,Medium 1
15756.0,Medium 1
17375.0,Medium 1
14128.0,Medium 1
16667.0,Medium 1
13642.0,Medium 1
17967.0,Medium 1
16921.0,Medium 1
16595.0,Medium 1
17614.0,Medium 1
15026.0,Medium 1
17860.0,Medium 1
16795.0,Medium 1
17619.0,Medium 1
13568.0,Medium 1
16031.0,Medium 1
16906.0,Medium 1
13357.0,Medium 1
16734.0,Medium 1
14670.0,Medium 1
17931.0,Medium 1
16718.0,Medium 1
17976.0,Medium 1
14396.0,Medium 1
13760.0,Medium 1
16723.0,Medium 1
14177.0,Medium 1
16893.0,Medium 1
16895.0,Medium 1
13474.0,Medium 1
16727.0,Medium 1
17229.0,Medium 1
14171.0,Medium 1
14656.0,Medium 1
12988.0,Medium 1
16065.0,Medium 1
14381.0,Medium 1
17795.0,Medium 1
16693.0,Medium 1
15048.0,Medium 1
16685.0,Medium 1
18212.0,Medium 1
14375.0,Medium 1
17968.0,Medium 1
16206.0,Medium 1
15891.0,Medium 1
14998.0,Medium 1
13233.0,Medium 1
16629.0,Medium 1
16010.0,Medium 1
17433.0,Medium 1
18126.0,Medium 1
14076.0,Medium 1
15579.0,Medium 1
14985.0,Medium 1
16274.0,Medium 1
16932.0,Medium 1
15795.0,Medium 1
17507.0,Medium 1
17580.0,Medium 1
14692.0,Medium 1
13121.0,Medium 1
15019.0,Medium 1
17454.0,Medium 1
15276.0,Medium 1
14801.0,Medium 1
17431.0,Medium 1
17786.0,Medium 1
13140.0,Medium 1
17783.0,Medium 1
17358.0,Medium 1
15012.0,Medium 1
16022.0,Medium 1
15006.0,Medium 1
16872.0,Medium 1
18087.0,Medium 1
17409.0,Medium 1
16696.0,Medium 1
16943.0,Medium 1
16698.0,Medium 1
18085.0,Medium 1
17388.0,Medium 1
17695.0,Medium 1
18121.0,Medium 1
17749.0,Medium 1
17846.0,Medium 1
16882.0,Medium 1
18008.0,Medium 1
16692.0,Medium 1
17679.0,Medium 1
16716.0,Medium 1
16584.0,Medium 1
17244.0,Medium 1
17029.0,Medium 1
18133.0,Medium 1
17788.0,Medium 1
17353.0,Medium 1
17033.0,Medium 1
18194.0,Medium 1
18173.0,Medium 1
18093.0,Medium 1
16546.0,Medium 1
17919.0,Medium 1
17268.0,Medium 1
17905.0,Medium 1
17560.0,Medium 1
18064.0,Medium 1
16551.0,Medium 1
18251.0,Medium 1
16766.0,Medium 1
17457.0,Medium 1
18151.0,Medium 1
17770.0,Medium 1
17553.0,Medium 1
17934.0,Medium 1
17152.0,Medium 1
17462.0,Medium 1
16621.0,Medium 1
17242.0,Medium 1
16563.0,Medium 1
17642.0,Medium 1
16754.0,Medium 1
16997.0,Medium 1
17980.0,Medium 1
17704.0,Medium 1
18218.0,Medium 1
17398.0,Medium 1
16567.0,Medium 1
18228.0,Medium 1
17146.0,Medium 1
17588.0,Medium 1
18062.0,Medium 1
17724.0,Medium 1
18136.0,Medium 1
17723.0,Medium 1
17262.0,Medium 1
18142.0,Medium 1
12346.0,Medium 1
15569.0,Medium 1
16146.0,Medium 1
14867.0,Medium 1
14212.0,Medium 1
13464.0,Medium 1
16140.0,Medium 1
14885.0,Medium 1
16136.0,Medium 1
13169.0,Medium 1
14887.0,Medium 1
14201.0,Medium 1
15734.0,Medium 1
16122.0,Medium 1
16120.0,Medium 1
14195.0,Medium 1
14894.0,Medium 1
15749.0,Medium 1
14164.0,Medium 1
13135.0,Medium 1
14222.0,Medium 1
16152.0,Medium 1
16160.0,Medium 1
15648.0,Medium 1
15649.0,Medium 1
13049.0,Medium 1
14306.0,Medium 1
15653.0,Medium 1
14778.0,Medium 1
13853.0,Medium 1
16216.0,Medium 1
13925.0,Medium 1
13075.0,Medium 1
15133.0,Medium 1
16182.0,Medium 1
14828.0,Medium 1
13893.0,Medium 1
15223.0,Medium 1
16174.0,Medium 1
16163.0,Medium 1
14229.0,Medium 1
13878.0,Medium 1
13220.0,Medium 1
13929.0,Medium 1
13414.0,Medium 1
15813.0,Medium 1
15071.0,Medium 1
13951.0,Medium 1
15075.0,Medium 1
13388.0,Medium 1
15171.0,Medium 1
14055.0,Medium 1
13963.0,Medium 1
15947.0,Medium 1
13375.0,Medium 1
13328.0,Medium 1
15098.0,Medium 1
13370.0,Medium 1
14045.0,Medium 1
15100.0,Medium 1
13989.0,Medium 1
14015.0,Medium 1
14006.0,Medium 1
13325.0,Medium 1
13848.0,Medium 1
15057.0,Medium 1
15181.0,Medium 1
16086.0,Medium 1
16083.0,Medium 1
15205.0,Medium 1
14970.0,Medium 1
14973.0,Medium 1
13934.0,Medium 1
13249.0,Medium 1
15199.0,Medium 1
15812.0,Medium 1
13253.0,Medium 1
16037.0,Medium 1
13261.0,Medium 1
16027.0,Medium 1
15797.0,Medium 1
15985.0,Medium 1
14101.0,Medium 1
13397.0,Medium 1
15045.0,Medium 1
15777.0,Medium 1
13038.0,Medium 1
13355.0,Medium 1
15643.0,Medium 1
12967.0,Medium 1
14643.0,Medium 1
14644.0,Medium 1
12976.0,Medium 1
14411.0,Medium 1
13791.0,Medium 1
14356.0,Medium 1
15364.0,Medium 1
12980.0,Medium 1
14421.0,Medium 1
15372.0,Medium 1
12908.0,Medium 1
13805.0,Medium 1
12842.0,Medium 1
13799.0,Medium 1
13750.0,Medium 1
13587.0,Medium 1
13753.0,Medium 1
13763.0,Medium 1
16389.0,Medium 1
13631.0,Medium 1
13639.0,Medium 1
14403.0,Medium 1
16380.0,Medium 1
15333.0,Medium 1
14567.0,Medium 1
13035.0,Medium 1
12924.0,Medium 1
14557.0,Medium 1
15341.0,Medium 1
14548.0,Medium 1
14628.0,Medium 1
16377.0,Medium 1
13748.0,Medium 1
13572.0,Medium 1
13819.0,Medium 1
16256.0,Medium 1
13027.0,Medium 1
13518.0,Medium 1
15400.0,Medium 1
13023.0,Medium 1
15636.0,Medium 1
14459.0,Medium 1
16449.0,Medium 1
13689.0,Medium 1
12823.0,Medium 1
16276.0,Medium 1
14603.0,Medium 1
15299.0,Medium 1
15304.0,Medium 1
13741.0,Medium 1
16281.0,Medium 1
13990.0,Good
17670.0,Good
17693.0,Good
13745.0,Good
17694.0,Good
17805.0,Good
17789.0,Good
13955.0,Good
14000.0,Good
13936.0,Good
13762.0,Good
13718.0,Good
13948.0,Good
13747.0,Good
13740.0,Good
13980.0,Good
17674.0,Good
13937.0,Good
13976.0,Good
17691.0,Good
13947.0,Good
13972.0,Good
13723.0,Good
17678.0,Good
13751.0,Good
13946.0,Good
13967.0,Good
13731.0,Good
13737.0,Good
13754.0,Good
13973.0,Good
13927.0,Good
17697.0,Good
13889.0,Good
13826.0,Good
13833.0,Good
13888.0,Good
13887.0,Good
13886.0,Good
13877.0,Good
13876.0,Good
13874.0,Good
17732.0,Good
13873.0,Good
13807.0,Good
13866.0,Good
13863.0,Good
13859.0,Good
13837.0,Good
13858.0,Good
13856.0,Good
17742.0,Good
13841.0,Good
17752.0,Good
17746.0,Good
17747.0,Good
13845.0,Good
13865.0,Good
13774.0,Good
17718.0,Good
13806.0,Good
17698.0,Good
13933.0,Good
17785.0,Good
13778.0,Good
17701.0,Good
17781.0,Good
13932.0,Good
13930.0,Good
13781.0,Good
13786.0,Good
17707.0,Good
17763.0,Good
17775.0,Good
17709.0,Good
13923.0,Good
13787.0,Good
13922.0,Good
17714.0,Good
13792.0,Good
13800.0,Good
13801.0,Good
17715.0,Good
13803.0,Good
13898.0,Good
17708.0,Good
13885.0,Good
14100.0,Good
14013.0,Good
14327.0,Good
14331.0,Good
14333.0,Good
17520.0,Good
14338.0,Good
17517.0,Good
17524.0,Good
14339.0,Good
17514.0,Good
17513.0,Good
14348.0,Good
14350.0,Good
14351.0,Good
14353.0,Good
14340.0,Good
14355.0,Good
17525.0,Good
14323.0,Good
14280.0,Good
14288.0,Good
14301.0,Good
17548.0,Good
14304.0,Good
17542.0,Good
14326.0,Good
14311.0,Good
17536.0,Good
17535.0,Good
17534.0,Good
17531.0,Good
14317.0,Good
14320.0,Good
14314.0,Good
14273.0,Good
17506.0,Good
14371.0,Good
17464.0,Good
14423.0,Good
14431.0,Good
14436.0,Good
17460.0,Good
14437.0,Good
14420.0,Good
14438.0,Good
17456.0,Good
17455.0,Good
14453.0,Good
14457.0,Good
14460.0,Good
14463.0,Good
14450.0,Good
14368.0,Good
14413.0,Good
17475.0,Good
14373.0,Good
17501.0,Good
14377.0,Good
17499.0,Good
17498.0,Good
17496.0,Good
14406.0,Good
14386.0,Good
14393.0,Good
14400.0,Good
17489.0,Good
17486.0,Good
17483.0,Good
17480.0,Good
17492.0,Good
14272.0,Good
14271.0,Good
14270.0,Good
14066.0,Good
14068.0,Good
14079.0,Good
14082.0,Good
14089.0,Good
17630.0,Good
17639.0,Good
14090.0,Good
13716.0,Good
14104.0,Good
14109.0,Good
17620.0,Good
14114.0,Good
14117.0,Good
17628.0,Good
17616.0,Good
17640.0,Good
17643.0,Good
14014.0,Good
14021.0,Good
14022.0,Good
14024.0,Good
14027.0,Good
14029.0,Good
14059.0,Good
17654.0,Good
14037.0,Good
14041.0,Good
14046.0,Good
14053.0,Good
17647.0,Good
14054.0,Good
14036.0,Good
17615.0,Good
14124.0,Good
14133.0,Good
17578.0,Good
17574.0,Good
14236.0,Good
17572.0,Good
14237.0,Good
17569.0,Good
14220.0,Good
14238.0,Good
14242.0,Good
14247.0,Good
14248.0,Good
14259.0,Good
14264.0,Good
17556.0,Good
14241.0,Good
17582.0,Good
14208.0,Good
14206.0,Good
14142.0,Good
14143.0,Good
14147.0,Good
14148.0,Good
14149.0,Good
17603.0,Good
14155.0,Good
17601.0,Good
14162.0,Good
14165.0,Good
14176.0,Good
14184.0,Good
14185.0,Good
14196.0,Good
14199.0,Good
14012.0,Good
13712.0,Good
13594.0,Good
13706.0,Good
18138.0,Good
13108.0,Good
13116.0,Good
13120.0,Good
13127.0,Good
18129.0,Good
13130.0,Good
13132.0,Good
13133.0,Good
13144.0,Good
13161.0,Good
18120.0,Good
18119.0,Good
13166.0,Good
13177.0,Good
13106.0,Good
18114.0,Good
13101.0,Good
13095.0,Good
13060.0,Good
18165.0,Good
13061.0,Good
13062.0,Good
18160.0,Good
18159.0,Good
13065.0,Good
13067.0,Good
18155.0,Good
13070.0,Good
13072.0,Good
13080.0,Good
13085.0,Good
18146.0,Good
13092.0,Good
13099.0,Good
13059.0,Good
18113.0,Good
13187.0,Good
13244.0,Good
13248.0,Good
18078.0,Good
13260.0,Good
18074.0,Good
18072.0,Good
18071.0,Good
13262.0,Good
18068.0,Good
13270.0,Good
18066.0,Good
13273.0,Good
13276.0,Good
13279.0,Good
13283.0,Good
13242.0,Good
13185.0,Good
13239.0,Good
18086.0,Good
13193.0,Good
18108.0,Good
18106.0,Good
13194.0,Good
13210.0,Good
13216.0,Good
13217.0,Good
18099.0,Good
13218.0,Good
18095.0,Good
13223.0,Good
13226.0,Good
13227.0,Good
18088.0,Good
13228.0,Good
13229.0,Good
13284.0,Good
18169.0,Good
13045.0,Good
12864.0,Good
18250.0,Good
12871.0,Good
12873.0,Good
12875.0,Good
12881.0,Good
12884.0,Good
12888.0,Good
12891.0,Good
12897.0,Good
12902.0,Good
12915.0,Good
18233.0,Good
18232.0,Good
12917.0,Good
12863.0,Good
12922.0,Good
18255.0,Good
12852.0,Good
12821.0,Good
18281.0,Good
18280.0,Good
18278.0,Good
18277.0,Good
12824.0,Good
12829.0,Good
12831.0,Good
12833.0,Good
18269.0,Good
18268.0,Good
12834.0,Good
12837.0,Good
18262.0,Good
12845.0,Good
12855.0,Good
13052.0,Good
12923.0,Good
12929.0,Good
13003.0,Good
13005.0,Good
18193.0,Good
13006.0,Good
18191.0,Good
18190.0,Good
13008.0,Good
13011.0,Good
18185.0,Good
18183.0,Good
13033.0,Good
13034.0,Good
18176.0,Good
13043.0,Good
13044.0,Good
13002.0,Good
18227.0,Good
18200.0,Good
18203.0,Good
12930.0,Good
18224.0,Good
12945.0,Good
18222.0,Good
12956.0,Good
18220.0,Good
12968.0,Good
12974.0,Good
18215.0,Good
18213.0,Good
12977.0,Good
12982.0,Good
12987.0,Good
12995.0,Good
12999.0,Good
13000.0,Good
13295.0,Good
18056.0,Good
13296.0,Good
17900.0,Good
17899.0,Good
17898.0,Good
13514.0,Good
13519.0,Good
13529.0,Good
17893.0,Good
17892.0,Good
17891.0,Good
13531.0,Good
17889.0,Good
13539.0,Good
17887.0,Good
13551.0,Good
13561.0,Good
13513.0,Good
13570.0,Good
13512.0,Good
17906.0,Good
13482.0,Good
13483.0,Good
17926.0,Good
17925.0,Good
13484.0,Good
17923.0,Good
13485.0,Good
13487.0,Good
13489.0,Good
13494.0,Good
13497.0,Good
13503.0,Good
17912.0,Good
13504.0,Good
13506.0,Good
13508.0,Good
13479.0,Good
17881.0,Good
17879.0,Good
13663.0,Good
17849.0,Good
13666.0,Good
13670.0,Good
17843.0,Good
13672.0,Good
13675.0,Good
13678.0,Good
13682.0,Good
13684.0,Good
13686.0,Good
13690.0,Good
13699.0,Good
13703.0,Good
17824.0,Good
13649.0,Good
17880.0,Good
17854.0,Good
13645.0,Good
13581.0,Good
17877.0,Good
13584.0,Good
17871.0,Good
14473.0,Good
17869.0,Good
13600.0,Good
17866.0,Good
13602.0,Good
13615.0,Good
13618.0,Good
17862.0,Good
13621.0,Good
13626.0,Good
17859.0,Good
17855.0,Good
13473.0,Good
13470.0,Good
13466.0,Good
18017.0,Good
13345.0,Good
13347.0,Good
13348.0,Good
18013.0,Good
18011.0,Good
18010.0,Good
18009.0,Good
13351.0,Good
13352.0,Good
18004.0,Good
13358.0,Good
13359.0,Good
13364.0,Good
17995.0,Good
18018.0,Good
13368.0,Good
18019.0,Good
18024.0,Good
18053.0,Good
18050.0,Good
18048.0,Good
13299.0,Good
13300.0,Good
13302.0,Good
18042.0,Good
13304.0,Good
13307.0,Good
18037.0,Good
13321.0,Good
18033.0,Good
18032.0,Good
13338.0,Good
18027.0,Good
13343.0,Good
17991.0,Good
17990.0,Good
13369.0,Good
17957.0,Good
17956.0,Good
17955.0,Good
13419.0,Good
13420.0,Good
13434.0,Good
17948.0,Good
13441.0,Good
17946.0,Good
13452.0,Good
17941.0,Good
13453.0,Good
17939.0,Good
13462.0,Good
17935.0,Good
17958.0,Good
17960.0,Good
13411.0,Good
17962.0,Good
17987.0,Good
17986.0,Good
13372.0,Good
13382.0,Good
17978.0,Good
13385.0,Good
13390.0,Good
13711.0,Good
13391.0,Good
17972.0,Good
17970.0,Good
17969.0,Good
13395.0,Good
13398.0,Good
13402.0,Good
13405.0,Good
17973.0,Good
17446.0,Good
16483.0,Good
17440.0,Good
15869.0,Good
15881.0,Good
15882.0,Good
15885.0,Good
16803.0,Good
15886.0,Good
15888.0,Good
16796.0,Good
15894.0,Good
15895.0,Good
16793.0,Good
16792.0,Good
15897.0,Good
15899.0,Good
15909.0,Good
16808.0,Good
15912.0,Good
15853.0,Good
15852.0,Good
16834.0,Good
16832.0,Good
16829.0,Good
16828.0,Good
16826.0,Good
15820.0,Good
15823.0,Good
16823.0,Good
16820.0,Good
15825.0,Good
15837.0,Good
16816.0,Good
15840.0,Good
15843.0,Good
16812.0,Good
16810.0,Good
16835.0,Good
15917.0,Good
16781.0,Good
16758.0,Good
16757.0,Good
16756.0,Good
15970.0,Good
15973.0,Good
16753.0,Good
16752.0,Good
15975.0,Good
15994.0,Good
16006.0,Good
16030.0,Good
16034.0,Good
16048.0,Good
16739.0,Good
16738.0,Good
15958.0,Good
15918.0,Good
16761.0,Good
15945.0,Good
15921.0,Good
15922.0,Good
16778.0,Good
15923.0,Good
15925.0,Good
15930.0,Good
15935.0,Good
16773.0,Good
15937.0,Good
15938.0,Good
16769.0,Good
15940.0,Good
15942.0,Good
15944.0,Good
16765.0,Good
16763.0,Good
16737.0,Good
15803.0,Good
16838.0,Good
16926.0,Good
15637.0,Good
15639.0,Good
15646.0,Good
16917.0,Good
15652.0,Good
16913.0,Good
15655.0,Good
15661.0,Good
16909.0,Good
15663.0,Good
15668.0,Good
15670.0,Good
15675.0,Good
15678.0,Good
16927.0,Good
15683.0,Good
15624.0,Good
15610.0,Good
16952.0,Good
15554.0,Good
15562.0,Good
15577.0,Good
16948.0,Good
16947.0,Good
15578.0,Good
15585.0,Good
15589.0,Good
15593.0,Good
15598.0,Good
15603.0,Good
15604.0,Good
15607.0,Good
15609.0,Good
15623.0,Good
15802.0,Good
15689.0,Good
15695.0,Good
15754.0,Good
16861.0,Good
15759.0,Good
16858.0,Good
15762.0,Good
15766.0,Good
15768.0,Good
15774.0,Good
16850.0,Good
16849.0,Good
16848.0,Good
15775.0,Good
15776.0,Good
15780.0,Good
15789.0,Good
16866.0,Good
15691.0,Good
15753.0,Good
15744.0,Good
16897.0,Good
15703.0,Good
15705.0,Good
15709.0,Good
15713.0,Good
15717.0,Good
15723.0,Good
15724.0,Good
15729.0,Good
16883.0,Good
15732.0,Good
16881.0,Good
15733.0,Good
16878.0,Good
15739.0,Good
15746.0,Good
16050.0,Good
16052.0,Good
16055.0,Good
16574.0,Good
16315.0,Good
16319.0,Good
16323.0,Good
16338.0,Good
16339.0,Good
16342.0,Good
16344.0,Good
16565.0,Good
16349.0,Good
16351.0,Good
16354.0,Good
16356.0,Good
16363.0,Good
16378.0,Good
16581.0,Good
16384.0,Good
16582.0,Good
16306.0,Good
16272.0,Good
16275.0,Good
16603.0,Good
16278.0,Good
16598.0,Good
16282.0,Good
16287.0,Good
16292.0,Good
16297.0,Good
16302.0,Good
16305.0,Good
16591.0,Good
16589.0,Good
16587.0,Good
16586.0,Good
16583.0,Good
16610.0,Good
16552.0,Good
16400.0,Good
16447.0,Good
16448.0,Good
16450.0,Good
16510.0,Good
16509.0,Good
16451.0,Good
16457.0,Good
16461.0,Good
16462.0,Good
16468.0,Good
16499.0,Good
16498.0,Good
16471.0,Good
16473.0,Good
16475.0,Good
16517.0,Good
16387.0,Good
16518.0,Good
16432.0,Good
16403.0,Good
16545.0,Good
16542.0,Good
16404.0,Good
16405.0,Good
16412.0,Good
16413.0,Good
16424.0,Good
16425.0,Good
16529.0,Good
16427.0,Good
16527.0,Good
16526.0,Good
16429.0,Good
16430.0,Good
16441.0,Good
16611.0,Good
16257.0,Good
16613.0,Good
16116.0,Good
16117.0,Good
16123.0,Good
16124.0,Good
16697.0,Good
16125.0,Good
16135.0,Good
16690.0,Good
16689.0,Good
16141.0,Good
16142.0,Good
16144.0,Good
16147.0,Good
16148.0,Good
16679.0,Good
16114.0,Good
16159.0,Good
16113.0,Good
16109.0,Good
16063.0,Good
16072.0,Good
16073.0,Good
16078.0,Good
16080.0,Good
16084.0,Good
16721.0,Good
16091.0,Good
16093.0,Good
16096.0,Good
16097.0,Good
16104.0,Good
16715.0,Good
16105.0,Good
16106.0,Good
16112.0,Good
16162.0,Good
16171.0,Good
16178.0,Good
16634.0,Good
16227.0,Good
16230.0,Good
16233.0,Good
16627.0,Good
16236.0,Good
16625.0,Good
16239.0,Good
16623.0,Good
16247.0,Good
16248.0,Good
16619.0,Good
16250.0,Good
16617.0,Good
16614.0,Good
16226.0,Good
16217.0,Good
16641.0,Good
16215.0,Good
16179.0,Good
16181.0,Good
16665.0,Good
16659.0,Good
16658.0,Good
16183.0,Good
16193.0,Good
15552.0,Good
16198.0,Good
16202.0,Good
16203.0,Good
16650.0,Good
16211.0,Good
16647.0,Good
16213.0,Good
16643.0,Good
16654.0,Good
14476.0,Good
15543.0,Good
15541.0,Good
14861.0,Good
14870.0,Good
17291.0,Good
14873.0,Good
14886.0,Good
14888.0,Good
14889.0,Good
14890.0,Good
17279.0,Good
17278.0,Good
14891.0,Good
14905.0,Good
14908.0,Good
17267.0,Good
14915.0,Good
17298.0,Good
14924.0,Good
14855.0,Good
14847.0,Good
14782.0,Good
14792.0,Good
17325.0,Good
14795.0,Good
14798.0,Good
14799.0,Good
14806.0,Good
14813.0,Good
14816.0,Good
14819.0,Good
14821.0,Good
17312.0,Good
17309.0,Good
14830.0,Good
14840.0,Good
14850.0,Good
17331.0,Good
17263.0,Good
14951.0,Good
15052.0,Good
15063.0,Good
15070.0,Good
17226.0,Good
17222.0,Good
15083.0,Good
15087.0,Good
15090.0,Good
17217.0,Good
15091.0,Good
15092.0,Good
17212.0,Good
17206.0,Good
17205.0,Good
15099.0,Good
15049.0,Good
14947.0,Good
15047.0,Good
15042.0,Good
17256.0,Good
14957.0,Good
14962.0,Good
14964.0,Good
17251.0,Good
14972.0,Good
14975.0,Good
17245.0,Good
14981.0,Good
14988.0,Good
15007.0,Good
17239.0,Good
15016.0,Good
15030.0,Good
15035.0,Good
17234.0,Good
17201.0,Good
17333.0,Good
14780.0,Good
14538.0,Good
14542.0,Good
14555.0,Good
17408.0,Good
14570.0,Good
14576.0,Good
14586.0,Good
14589.0,Good
14600.0,Good
16484.0,Good
17394.0,Good
14616.0,Good
17391.0,Good
14619.0,Good
14620.0,Good
17415.0,Good
14622.0,Good
14537.0,Good
14523.0,Good
17438.0,Good
14479.0,Good
14481.0,Good
14483.0,Good
14489.0,Good
14491.0,Good
14496.0,Good
17429.0,Good
14497.0,Good
17427.0,Good
14500.0,Good
14501.0,Good
14512.0,Good
14513.0,Good
14518.0,Good
14536.0,Good
17334.0,Good
14624.0,Good
14633.0,Good
17356.0,Good
14722.0,Good
14727.0,Good
14747.0,Good
14753.0,Good
17349.0,Good
14757.0,Good
17347.0,Good
14760.0,Good
14761.0,Good
14762.0,Good
17343.0,Good
14772.0,Good
17339.0,Good
14779.0,Good
14705.0,Good
14632.0,Good
14699.0,Good
14693.0,Good
17382.0,Good
14642.0,Good
17376.0,Good
14645.0,Good
17374.0,Good
14647.0,Good
14652.0,Good
14660.0,Good
17370.0,Good
14681.0,Good
17367.0,Good
14682.0,Good
14687.0,Good
17362.0,Good
14689.0,Good
14697.0,Good
15107.0,Good
15109.0,Good
17194.0,Good
15347.0,Good
17040.0,Good
15348.0,Good
15350.0,Good
17035.0,Good
15361.0,Good
15363.0,Good
17030.0,Good
15374.0,Good
17026.0,Good
17025.0,Good
15381.0,Good
15384.0,Good
15386.0,Good
15389.0,Good
15346.0,Good
15395.0,Good
15343.0,Good
17045.0,Good
15300.0,Good
15303.0,Good
15307.0,Good
15308.0,Good
15313.0,Good
17060.0,Good
15314.0,Good
15315.0,Good
15316.0,Good
17053.0,Good
15319.0,Good
15326.0,Good
15327.0,Good
15335.0,Good
17046.0,Good
15342.0,Good
15292.0,Good
15396.0,Good
15405.0,Good
15504.0,Good
15510.0,Good
16978.0,Good
16976.0,Good
15512.0,Good
15517.0,Good
15523.0,Good
16967.0,Good
15528.0,Good
16965.0,Good
16963.0,Good
16961.0,Good
15537.0,Good
16959.0,Good
16957.0,Good
16982.0,Good
15397.0,Good
15488.0,Good
15468.0,Good
15408.0,Good
15412.0,Good
15417.0,Good
15422.0,Good
15424.0,Good
15433.0,Good
16998.0,Good
15438.0,Good
15442.0,Good
15445.0,Good
16990.0,Good
15447.0,Good
15448.0,Good
15454.0,Good
15462.0,Good
15475.0,Good
15280.0,Good
15279.0,Good
15266.0,Good
15165.0,Good
15167.0,Good
15174.0,Good
15175.0,Good
15178.0,Good
15180.0,Good
17154.0,Good
15182.0,Good
15185.0,Good
17148.0,Good
15193.0,Good
15198.0,Good
17142.0,Good
17140.0,Good
15204.0,Good
17165.0,Good
17138.0,Good
15160.0,Good
17171.0,Good
15118.0,Good
15119.0,Good
17190.0,Good
15120.0,Good
15127.0,Good
17187.0,Good
15130.0,Good
17181.0,Good
15135.0,Good
15139.0,Good
17176.0,Good
15143.0,Good
17174.0,Good
15147.0,Good
17172.0,Good
15149.0,Good
17134.0,Good
15210.0,Good
15212.0,Good
15236.0,Good
17094.0,Good
15243.0,Good
15244.0,Good
15246.0,Good
15247.0,Good
15254.0,Good
15256.0,Good
15257.0,Good
15258.0,Good
15261.0,Good
15262.0,Good
15263.0,Good
17079.0,Good
15264.0,Good
15234.0,Good
15232.0,Good
15230.0,Good
17102.0,Good
17128.0,Good
15213.0,Good
15216.0,Good
17124.0,Good
17123.0,Good
17122.0,Good
17120.0,Good
16955.0,Good
15219.0,Good
17117.0,Good
15221.0,Good
15222.0,Good
17110.0,Good
15224.0,Good
15225.0,Good
15226.0,Good
17118.0,Good
14609.0,Good
